R_angstrom,method,orbital_index,occupation
0.7,ref,0,1.98388515
0.7,ref,1,1.97603144
0.7,ref,2,1.97568400
0.7,ref,3,0.99434098
0.7,ref,4,0.01520712
0.7,ref,5,0.01429643
0.7,ref,6,0.00991893
0.7,ref,7,0.00667342
0.7,ref,8,0.00512102
0.7,ref,9,0.00483866
0.7,ref,10,0.00424914
0.7,ref,11,0.00382138
0.7,ref,12,0.00382058
0.7,ref,13,0.00065785
0.7,ref,14,0.00056323
0.7,ref,15,0.00041871
0.7,ref,16,0.00040326
0.7,ref,17,0.00006870
0.7,ext,0,1.98388923
0.7,ext,1,1.97603782
0.7,ext,2,1.97568643
0.7,ext,3,0.99434367
0.7,ext,4,0.01520626
0.7,ext,5,0.01429247
0.7,ext,6,0.00991583
0.7,ext,7,0.00667027
0.7,ext,8,0.00511988
0.7,ext,9,0.00483747
0.7,ext,10,0.00424762
0.7,ext,11,0.00382117
0.7,ext,12,0.00381958
0.7,ext,13,0.00065797
0.7,ext,14,0.00056343
0.7,ext,15,0.00041880
0.7,ext,16,0.00040331
0.7,ext,17,0.00006882
0.7,cipsi,0,1.98393151
0.7,cipsi,1,1.97607996
0.7,cipsi,2,1.97572554
0.7,cipsi,3,0.99435199
0.7,cipsi,4,0.01518853
0.7,cipsi,5,0.01428031
0.7,cipsi,6,0.00990438
0.7,cipsi,7,0.00665760
0.7,cipsi,8,0.00510986
0.7,cipsi,9,0.00482596
0.7,cipsi,10,0.00422726
0.7,cipsi,11,0.00380290
0.7,cipsi,12,0.00380226
0.7,cipsi,13,0.00065787
0.7,cipsi,14,0.00056343
0.7,cipsi,15,0.00041825
0.7,cipsi,16,0.00040314
0.7,cipsi,17,0.00006925
0.75,ref,0,1.98335240
0.75,ref,1,1.97534768
0.75,ref,2,1.97451607
0.75,ref,3,0.99422493
0.75,ref,4,0.01616299
0.75,ref,5,0.01551986
0.75,ref,6,0.00995809
0.75,ref,7,0.00684464
0.75,ref,8,0.00511299
0.75,ref,9,0.00483707
0.75,ref,10,0.00422088
0.75,ref,11,0.00381302
0.75,ref,12,0.00381252
0.75,ref,13,0.00071783
0.75,ref,14,0.00059630
0.75,ref,15,0.00045236
0.75,ref,16,0.00044766
0.75,ref,17,0.00006270
0.75,ext,0,1.98335864
0.75,ext,1,1.97535367
0.75,ext,2,1.97452609
0.75,ext,3,0.99423217
0.75,ext,4,0.01615484
0.75,ext,5,0.01551769
0.75,ext,6,0.00995180
0.75,ext,7,0.00683875
0.75,ext,8,0.00511036
0.75,ext,9,0.00483528
0.75,ext,10,0.00421893
0.75,ext,11,0.00381236
0.75,ext,12,0.00381174
0.75,ext,13,0.00071802
0.75,ext,14,0.00059648
0.75,ext,15,0.00045247
0.75,ext,16,0.00044785
0.75,ext,17,0.00006285
0.75,cipsi,0,1.98339362
0.75,cipsi,1,1.97539868
0.75,cipsi,2,1.97456668
0.75,cipsi,3,0.99424579
0.75,cipsi,4,0.01614050
0.75,cipsi,5,0.01549742
0.75,cipsi,6,0.00994080
0.75,cipsi,7,0.00682494
0.75,cipsi,8,0.00510175
0.75,cipsi,9,0.00481896
0.75,cipsi,10,0.00420438
0.75,cipsi,11,0.00379767
0.75,cipsi,12,0.00379371
0.75,cipsi,13,0.00071734
0.75,cipsi,14,0.00059532
0.75,cipsi,15,0.00045221
0.75,cipsi,16,0.00044668
0.75,cipsi,17,0.00006355
0.8,ref,0,1.98293102
0.8,ref,1,1.97502241
0.8,ref,2,1.97261920
0.8,ref,3,0.99411164
0.8,ref,4,0.01841003
0.8,ref,5,0.01583214
0.8,ref,6,0.00992380
0.8,ref,7,0.00700889
0.8,ref,8,0.00509725
0.8,ref,9,0.00481083
0.8,ref,10,0.00417320
0.8,ref,11,0.00380459
0.8,ref,12,0.00380406
0.8,ref,13,0.00078651
0.8,ref,14,0.00062800
0.8,ref,15,0.00050295
0.8,ref,16,0.00047488
0.8,ref,17,0.00005859
0.8,ext,0,1.98293699
0.8,ext,1,1.97502837
0.8,ext,2,1.97262981
0.8,ext,3,0.99411917
0.8,ext,4,0.01840085
0.8,ext,5,0.01582995
0.8,ext,6,0.00991818
0.8,ext,7,0.00700224
0.8,ext,8,0.00509456
0.8,ext,9,0.00480893
0.8,ext,10,0.00417176
0.8,ext,11,0.00380406
0.8,ext,12,0.00380392
0.8,ext,13,0.00078659
0.8,ext,14,0.00062814
0.8,ext,15,0.00050281
0.8,ext,16,0.00047495
0.8,ext,17,0.00005872
0.8,cipsi,0,1.98297493
0.8,cipsi,1,1.97507247
0.8,cipsi,2,1.97266826
0.8,cipsi,3,0.99412332
0.8,cipsi,4,0.01838852
0.8,cipsi,5,0.01580932
0.8,cipsi,6,0.00990723
0.8,cipsi,7,0.00699198
0.8,cipsi,8,0.00508551
0.8,cipsi,9,0.00479520
0.8,cipsi,10,0.00415639
0.8,cipsi,11,0.00379555
0.8,cipsi,12,0.00378284
0.8,cipsi,13,0.00078593
0.8,cipsi,14,0.00062692
0.8,cipsi,15,0.00050297
0.8,cipsi,16,0.00047328
0.8,cipsi,17,0.00005938
0.85,ref,0,1.98259756
0.85,ref,1,1.97471292
0.85,ref,2,1.97030121
0.85,ref,3,0.99400220
0.85,ref,4,0.02105310
0.85,ref,5,0.01613565
0.85,ref,6,0.00985903
0.85,ref,7,0.00716156
0.85,ref,8,0.00507643
0.85,ref,9,0.00476380
0.85,ref,10,0.00410932
0.85,ref,11,0.00379601
0.85,ref,12,0.00379513
0.85,ref,13,0.00086707
0.85,ref,14,0.00065721
0.85,ref,15,0.00055561
0.85,ref,16,0.00049953
0.85,ref,17,0.00005665
0.85,ext,0,1.98260317
0.85,ext,1,1.97471945
0.85,ext,2,1.97031231
0.85,ext,3,0.99400979
0.85,ext,4,0.02104309
0.85,ext,5,0.01613350
0.85,ext,6,0.00985403
0.85,ext,7,0.00715483
0.85,ext,8,0.00507365
0.85,ext,9,0.00476160
0.85,ext,10,0.00410781
0.85,ext,11,0.00379530
0.85,ext,12,0.00379515
0.85,ext,13,0.00086717
0.85,ext,14,0.00065736
0.85,ext,15,0.00055537
0.85,ext,16,0.00049962
0.85,ext,17,0.00005679
0.85,cipsi,0,1.98265944
0.85,cipsi,1,1.97478001
0.85,cipsi,2,1.97036772
0.85,cipsi,3,0.99400579
0.85,cipsi,4,0.02102853
0.85,cipsi,5,0.01610844
0.85,cipsi,6,0.00983919
0.85,cipsi,7,0.00714030
0.85,cipsi,8,0.00506233
0.85,cipsi,9,0.00474328
0.85,cipsi,10,0.00408201
0.85,cipsi,11,0.00378230
0.85,cipsi,12,0.00376982
0.85,cipsi,13,0.00086589
0.85,cipsi,14,0.00065606
0.85,cipsi,15,0.00055544
0.85,cipsi,16,0.00049589
0.85,cipsi,17,0.00005754
0.9,ref,0,1.98232776
0.9,ref,1,1.97442439
0.9,ref,2,1.96751186
0.9,ref,3,0.99389825
0.9,ref,4,0.02414396
0.9,ref,5,0.01642259
0.9,ref,6,0.00978217
0.9,ref,7,0.00729892
0.9,ref,8,0.00505096
0.9,ref,9,0.00469989
0.9,ref,10,0.00403240
0.9,ref,11,0.00378726
0.9,ref,12,0.00378572
0.9,ref,13,0.00096268
0.9,ref,14,0.00068281
0.9,ref,15,0.00061058
0.9,ref,16,0.00052080
0.9,ref,17,0.00005701
0.9,ext,0,1.98233277
0.9,ext,1,1.97443161
0.9,ext,2,1.96752343
0.9,ext,3,0.99390625
0.9,ext,4,0.02413295
0.9,ext,5,0.01642033
0.9,ext,6,0.00977777
0.9,ext,7,0.00729235
0.9,ext,8,0.00504814
0.9,ext,9,0.00469724
0.9,ext,10,0.00403068
0.9,ext,11,0.00378738
0.9,ext,12,0.00378503
0.9,ext,13,0.00096277
0.9,ext,14,0.00068298
0.9,ext,15,0.00061026
0.9,ext,16,0.00052090
0.9,ext,17,0.00005715
0.9,cipsi,0,1.98236478
0.9,cipsi,1,1.97446432
0.9,cipsi,2,1.96755427
0.9,cipsi,3,0.99391056
0.9,cipsi,4,0.02412440
0.9,cipsi,5,0.01640772
0.9,cipsi,6,0.00976383
0.9,cipsi,7,0.00728764
0.9,cipsi,8,0.00503723
0.9,cipsi,9,0.00468246
0.9,cipsi,10,0.00401525
0.9,cipsi,11,0.00378133
0.9,cipsi,12,0.00377532
0.9,cipsi,13,0.00096125
0.9,cipsi,14,0.00068189
0.9,cipsi,15,0.00061045
0.9,cipsi,16,0.00051942
0.9,cipsi,17,0.00005787
0.95,ref,0,1.98210192
0.95,ref,1,1.97416182
0.95,ref,2,1.96418217
0.95,ref,3,0.99380188
0.95,ref,4,0.02775893
0.95,ref,5,0.01668611
0.95,ref,6,0.00970157
0.95,ref,7,0.00741797
0.95,ref,8,0.00501966
0.95,ref,9,0.00462296
0.95,ref,10,0.00394569
0.95,ref,11,0.00377830
0.95,ref,12,0.00377582
0.95,ref,13,0.00107656
0.95,ref,14,0.00070367
0.95,ref,15,0.00066742
0.95,ref,16,0.00053792
0.95,ref,17,0.00005963
0.95,ext,0,1.98210648
0.95,ext,1,1.97416987
0.95,ext,2,1.96419517
0.95,ext,3,0.99380994
0.95,ext,4,0.02774616
0.95,ext,5,0.01668384
0.95,ext,6,0.00969775
0.95,ext,7,0.00741158
0.95,ext,8,0.00501679
0.95,ext,9,0.00461987
0.95,ext,10,0.00394371
0.95,ext,11,0.00377842
0.95,ext,12,0.00377509
0.95,ext,13,0.00107665
0.95,ext,14,0.00070387
0.95,ext,15,0.00066705
0.95,ext,16,0.00053799
0.95,ext,17,0.00005977
0.95,cipsi,0,1.98213696
0.95,cipsi,1,1.97419425
0.95,cipsi,2,1.96422249
0.95,cipsi,3,0.99381598
0.95,cipsi,4,0.02773510
0.95,cipsi,5,0.01667340
0.95,cipsi,6,0.00968502
0.95,cipsi,7,0.00740686
0.95,cipsi,8,0.00500972
0.95,cipsi,9,0.00460891
0.95,cipsi,10,0.00393119
0.95,cipsi,11,0.00377204
0.95,cipsi,12,0.00376568
0.95,cipsi,13,0.00107490
0.95,cipsi,14,0.00070251
0.95,cipsi,15,0.00066760
0.95,cipsi,16,0.00053680
0.95,cipsi,17,0.00006059
1.0,ref,0,1.98190589
1.0,ref,1,1.97392994
1.0,ref,2,1.96022052
1.0,ref,3,0.99371535
1.0,ref,4,0.03199637
1.0,ref,5,0.01692037
1.0,ref,6,0.00962097
1.0,ref,7,0.00751638
1.0,ref,8,0.00498060
1.0,ref,9,0.00453676
1.0,ref,10,0.00385245
1.0,ref,11,0.00376910
1.0,ref,12,0.00376547
1.0,ref,13,0.00121178
1.0,ref,14,0.00072506
1.0,ref,15,0.00071866
1.0,ref,16,0.00055015
1.0,ref,17,0.00006418
1.0,ext,0,1.98191010
1.0,ext,1,1.97393887
1.0,ext,2,1.96023605
1.0,ext,3,0.99372358
1.0,ext,4,0.03198075
1.0,ext,5,0.01691809
1.0,ext,6,0.00961758
1.0,ext,7,0.00751012
1.0,ext,8,0.00497772
1.0,ext,9,0.00453319
1.0,ext,10,0.00385016
1.0,ext,11,0.00376922
1.0,ext,12,0.00376469
1.0,ext,13,0.00121186
1.0,ext,14,0.00072465
1.0,ext,15,0.00071889
1.0,ext,16,0.00055018
1.0,ext,17,0.00006431
1.0,cipsi,0,1.98194628
1.0,cipsi,1,1.97396513
1.0,cipsi,2,1.96026634
1.0,cipsi,3,0.99373126
1.0,cipsi,4,0.03197163
1.0,cipsi,5,0.01690190
1.0,cipsi,6,0.00960463
1.0,cipsi,7,0.00750494
1.0,cipsi,8,0.00497114
1.0,cipsi,9,0.00451965
1.0,cipsi,10,0.00383565
1.0,cipsi,11,0.00376283
1.0,cipsi,12,0.00375473
1.0,cipsi,13,0.00120975
1.0,cipsi,14,0.00072516
1.0,cipsi,15,0.00071530
1.0,cipsi,16,0.00054858
1.0,cipsi,17,0.00006511
1.05,ref,0,1.98173007
1.05,ref,1,1.97373247
1.05,ref,2,1.95550819
1.05,ref,3,0.99364067
1.05,ref,4,0.03697875
1.05,ref,5,0.01712112
1.05,ref,6,0.00954179
1.05,ref,7,0.00759268
1.05,ref,8,0.00493208
1.05,ref,9,0.00444505
1.05,ref,10,0.00375980
1.05,ref,11,0.00375605
1.05,ref,12,0.00375486
1.05,ref,13,0.00137069
1.05,ref,14,0.00078206
1.05,ref,15,0.00072675
1.05,ref,16,0.00055686
1.05,ref,17,0.00007008
1.05,ext,0,1.98173609
1.05,ext,1,1.97373940
1.05,ext,2,1.95553163
1.05,ext,3,0.99364559
1.05,ext,4,0.03695627
1.05,ext,5,0.01711759
1.05,ext,6,0.00953943
1.05,ext,7,0.00759005
1.05,ext,8,0.00492980
1.05,ext,9,0.00444212
1.05,ext,10,0.00375981
1.05,ext,11,0.00375389
1.05,ext,12,0.00375244
1.05,ext,13,0.00137023
1.05,ext,14,0.00078153
1.05,ext,15,0.00072712
1.05,ext,16,0.00055681
1.05,ext,17,0.00007021
1.05,cipsi,0,1.98178023
1.05,cipsi,1,1.97377292
1.05,cipsi,2,1.95556364
1.05,cipsi,3,0.99365523
1.05,cipsi,4,0.03695297
1.05,cipsi,5,0.01709610
1.05,cipsi,6,0.00952803
1.05,cipsi,7,0.00757519
1.05,cipsi,8,0.00492178
1.05,cipsi,9,0.00442737
1.05,cipsi,10,0.00375419
1.05,cipsi,11,0.00373715
1.05,cipsi,12,0.00373564
1.05,cipsi,13,0.00136848
1.05,cipsi,14,0.00078166
1.05,cipsi,15,0.00072344
1.05,cipsi,16,0.00055456
1.05,cipsi,17,0.00007140
1.1,ref,0,1.98156865
1.1,ref,1,1.97357274
1.1,ref,2,1.94990117
1.1,ref,3,0.99357983
1.1,ref,4,0.04285241
1.1,ref,5,0.01728493
1.1,ref,6,0.00946437
1.1,ref,7,0.00764585
1.1,ref,8,0.00487274
1.1,ref,9,0.00435119
1.1,ref,10,0.00375036
1.1,ref,11,0.00374405
1.1,ref,12,0.00365961
1.1,ref,13,0.00155420
1.1,ref,14,0.00083670
1.1,ref,15,0.00072705
1.1,ref,16,0.00055752
1.1,ref,17,0.00007663
1.1,ext,0,1.98157460
1.1,ext,1,1.97358065
1.1,ext,2,1.94993290
1.1,ext,3,0.99358461
1.1,ext,4,0.04282177
1.1,ext,5,0.01728096
1.1,ext,6,0.00946215
1.1,ext,7,0.00764366
1.1,ext,8,0.00487048
1.1,ext,9,0.00434787
1.1,ext,10,0.00375038
1.1,ext,11,0.00374295
1.1,ext,12,0.00365569
1.1,ext,13,0.00155360
1.1,ext,14,0.00083611
1.1,ext,15,0.00072747
1.1,ext,16,0.00055747
1.1,ext,17,0.00007668
1.1,cipsi,0,1.98162092
1.1,cipsi,1,1.97361372
1.1,cipsi,2,1.94996161
1.1,cipsi,3,0.99359687
1.1,cipsi,4,0.04282116
1.1,cipsi,5,0.01725613
1.1,cipsi,6,0.00945056
1.1,cipsi,7,0.00762668
1.1,cipsi,8,0.00486308
1.1,cipsi,9,0.00433491
1.1,cipsi,10,0.00374452
1.1,cipsi,11,0.00372629
1.1,cipsi,12,0.00364005
1.1,cipsi,13,0.00155152
1.1,cipsi,14,0.00083641
1.1,cipsi,15,0.00072315
1.1,cipsi,16,0.00055452
1.1,cipsi,17,0.00007791
1.15,ref,0,1.98141821
1.15,ref,1,1.97345252
1.15,ref,2,1.94322614
1.15,ref,3,0.99353428
1.15,ref,4,0.04979081
1.15,ref,5,0.01741014
1.15,ref,6,0.00938864
1.15,ref,7,0.00767567
1.15,ref,8,0.00480225
1.15,ref,9,0.00425841
1.15,ref,10,0.00374089
1.15,ref,11,0.00373322
1.15,ref,12,0.00356612
1.15,ref,13,0.00176149
1.15,ref,14,0.00088728
1.15,ref,15,0.00071897
1.15,ref,16,0.00055183
1.15,ref,17,0.00008314
1.15,ext,0,1.98142418
1.15,ext,1,1.97346149
1.15,ext,2,1.94327019
1.15,ext,3,0.99353907
1.15,ext,4,0.04974812
1.15,ext,5,0.01740569
1.15,ext,6,0.00938640
1.15,ext,7,0.00767375
1.15,ext,8,0.00480001
1.15,ext,9,0.00425466
1.15,ext,10,0.00374092
1.15,ext,11,0.00373197
1.15,ext,12,0.00356188
1.15,ext,13,0.00176070
1.15,ext,14,0.00088658
1.15,ext,15,0.00071946
1.15,ext,16,0.00055180
1.15,ext,17,0.00008311
1.15,cipsi,0,1.98146904
1.15,cipsi,1,1.97349517
1.15,cipsi,2,1.94328783
1.15,cipsi,3,0.99355167
1.15,cipsi,4,0.04975769
1.15,cipsi,5,0.01738270
1.15,cipsi,6,0.00937514
1.15,cipsi,7,0.00765717
1.15,cipsi,8,0.00479172
1.15,cipsi,9,0.00424016
1.15,cipsi,10,0.00373481
1.15,cipsi,11,0.00371465
1.15,cipsi,12,0.00354835
1.15,cipsi,13,0.00175832
1.15,cipsi,14,0.00088687
1.15,cipsi,15,0.00071475
1.15,cipsi,16,0.00054959
1.15,cipsi,17,0.00008437
1.2,ref,0,1.98127727
1.2,ref,1,1.97337244
1.2,ref,2,1.93528251
1.2,ref,3,0.99350504
1.2,ref,4,0.05799360
1.2,ref,5,0.01749637
1.2,ref,6,0.00931434
1.2,ref,7,0.00768255
1.2,ref,8,0.00472117
1.2,ref,9,0.00416951
1.2,ref,10,0.00373150
1.2,ref,11,0.00372256
1.2,ref,12,0.00347820
1.2,ref,13,0.00198982
1.2,ref,14,0.00093201
1.2,ref,15,0.00070232
1.2,ref,16,0.00053972
1.2,ref,17,0.00008909
1.2,ext,0,1.98128343
1.2,ext,1,1.97338254
1.2,ext,2,1.93534444
1.2,ext,3,0.99351005
1.2,ext,4,0.05793346
1.2,ext,5,0.01749143
1.2,ext,6,0.00931187
1.2,ext,7,0.00768065
1.2,ext,8,0.00471895
1.2,ext,9,0.00416530
1.2,ext,10,0.00373153
1.2,ext,11,0.00372115
1.2,ext,12,0.00347357
1.2,ext,13,0.00198881
1.2,ext,14,0.00093118
1.2,ext,15,0.00070288
1.2,ext,16,0.00053976
1.2,ext,17,0.00008900
1.2,cipsi,0,1.98133232
1.2,cipsi,1,1.97341641
1.2,cipsi,2,1.93534929
1.2,cipsi,3,0.99352281
1.2,cipsi,4,0.05795651
1.2,cipsi,5,0.01747069
1.2,cipsi,6,0.00930356
1.2,cipsi,7,0.00766379
1.2,cipsi,8,0.00470639
1.2,cipsi,9,0.00415048
1.2,cipsi,10,0.00372360
1.2,cipsi,11,0.00370380
1.2,cipsi,12,0.00345826
1.2,cipsi,13,0.00198538
1.2,cipsi,14,0.00093102
1.2,cipsi,15,0.00069833
1.2,cipsi,16,0.00053718
1.2,cipsi,17,0.00009018
1.25,ref,0,1.98114569
1.25,ref,1,1.97333212
1.25,ref,2,1.92584693
1.25,ref,3,0.99349268
1.25,ref,4,0.06768267
1.25,ref,5,0.01754446
1.25,ref,6,0.00924120
1.25,ref,7,0.00766739
1.25,ref,8,0.00463096
1.25,ref,9,0.00408669
1.25,ref,10,0.00372223
1.25,ref,11,0.00371228
1.25,ref,12,0.00339796
1.25,ref,13,0.00223474
1.25,ref,14,0.00096912
1.25,ref,15,0.00067734
1.25,ref,16,0.00052142
1.25,ref,17,0.00009413
1.25,ext,0,1.98115231
1.25,ext,1,1.97334337
1.25,ext,2,1.92593411
1.25,ext,3,0.99349823
1.25,ext,4,0.06759784
1.25,ext,5,0.01753902
1.25,ext,6,0.00923821
1.25,ext,7,0.00766518
1.25,ext,8,0.00462875
1.25,ext,9,0.00408200
1.25,ext,10,0.00372229
1.25,ext,11,0.00371068
1.25,ext,12,0.00339284
1.25,ext,13,0.00223341
1.25,ext,14,0.00096818
1.25,ext,15,0.00067798
1.25,ext,16,0.00052157
1.25,ext,17,0.00009404
1.25,cipsi,0,1.98119863
1.25,cipsi,1,1.97337548
1.25,cipsi,2,1.92591328
1.25,cipsi,3,0.99350839
1.25,cipsi,4,0.06764412
1.25,cipsi,5,0.01752041
1.25,cipsi,6,0.00923001
1.25,cipsi,7,0.00764928
1.25,cipsi,8,0.00461681
1.25,cipsi,9,0.00406767
1.25,cipsi,10,0.00371465
1.25,cipsi,11,0.00369468
1.25,cipsi,12,0.00338025
1.25,cipsi,13,0.00223039
1.25,cipsi,14,0.00096845
1.25,cipsi,15,0.00067336
1.25,cipsi,16,0.00051896
1.25,cipsi,17,0.00009517
1.3,ref,0,1.98102432
1.3,ref,1,1.97333040
1.3,ref,2,1.91467877
1.3,ref,3,0.99349733
1.3,ref,4,0.07909672
1.3,ref,5,0.01755623
1.3,ref,6,0.00916900
1.3,ref,7,0.00763152
1.3,ref,8,0.00453391
1.3,ref,9,0.00401154
1.3,ref,10,0.00371315
1.3,ref,11,0.00370258
1.3,ref,12,0.00332694
1.3,ref,13,0.00249041
1.3,ref,14,0.00099688
1.3,ref,15,0.00064472
1.3,ref,16,0.00049746
1.3,ref,17,0.00009810
1.3,ext,0,1.98103164
1.3,ext,1,1.97334283
1.3,ext,2,1.91480015
1.3,ext,3,0.99350375
1.3,ext,4,0.07897840
1.3,ext,5,0.01755028
1.3,ext,6,0.00916520
1.3,ext,7,0.00762870
1.3,ext,8,0.00453177
1.3,ext,9,0.00400632
1.3,ext,10,0.00371322
1.3,ext,11,0.00370078
1.3,ext,12,0.00332122
1.3,ext,13,0.00248858
1.3,ext,14,0.00099587
1.3,ext,15,0.00064545
1.3,ext,16,0.00049773
1.3,ext,17,0.00009811
1.3,cipsi,0,1.98107256
1.3,cipsi,1,1.97337123
1.3,cipsi,2,1.91474114
1.3,cipsi,3,0.99351291
1.3,cipsi,4,0.07906161
1.3,cipsi,5,0.01753211
1.3,cipsi,6,0.00915719
1.3,cipsi,7,0.00761405
1.3,cipsi,8,0.00451987
1.3,cipsi,9,0.00399770
1.3,cipsi,10,0.00370600
1.3,cipsi,11,0.00368477
1.3,cipsi,12,0.00331168
1.3,cipsi,13,0.00248575
1.3,cipsi,14,0.00099644
1.3,cipsi,15,0.00064066
1.3,cipsi,16,0.00049498
1.3,cipsi,17,0.00009936
1.35,ref,0,1.98091428
1.35,ref,1,1.97336497
1.35,ref,2,1.90152756
1.35,ref,3,0.99351862
1.35,ref,4,0.09248420
1.35,ref,5,0.01753460
1.35,ref,6,0.00909773
1.35,ref,7,0.00757676
1.35,ref,8,0.00443335
1.35,ref,9,0.00394496
1.35,ref,10,0.00370432
1.35,ref,11,0.00369372
1.35,ref,12,0.00326613
1.35,ref,13,0.00274993
1.35,ref,14,0.00101367
1.35,ref,15,0.00060559
1.35,ref,16,0.00046861
1.35,ref,17,0.00010099
1.35,ext,0,1.98092224
1.35,ext,1,1.97337855
1.35,ext,2,1.90169289
1.35,ext,3,0.99352599
1.35,ext,4,0.09232279
1.35,ext,5,0.01752812
1.35,ext,6,0.00909312
1.35,ext,7,0.00757331
1.35,ext,8,0.00443134
1.35,ext,9,0.00393918
1.35,ext,10,0.00370441
1.35,ext,11,0.00369173
1.35,ext,12,0.00325970
1.35,ext,13,0.00274741
1.35,ext,14,0.00101265
1.35,ext,15,0.00060642
1.35,ext,16,0.00046903
1.35,ext,17,0.00010114
1.35,cipsi,0,1.98095834
1.35,cipsi,1,1.97340537
1.35,cipsi,2,1.90159018
1.35,cipsi,3,0.99353510
1.35,cipsi,4,0.09244530
1.35,cipsi,5,0.01751048
1.35,cipsi,6,0.00908635
1.35,cipsi,7,0.00755880
1.35,cipsi,8,0.00442085
1.35,cipsi,9,0.00393230
1.35,cipsi,10,0.00369712
1.35,cipsi,11,0.00367758
1.35,cipsi,12,0.00325276
1.35,cipsi,13,0.00274502
1.35,cipsi,14,0.00101333
1.35,cipsi,15,0.00060200
1.35,cipsi,16,0.00046683
1.35,cipsi,17,0.00010228
1.4,ref,0,1.98081680
1.4,ref,1,1.97343300
1.4,ref,2,1.88614730
1.4,ref,3,0.99355570
1.4,ref,4,0.10808901
1.4,ref,5,0.01748309
1.4,ref,6,0.00902749
1.4,ref,7,0.00750517
1.4,ref,8,0.00433401
1.4,ref,9,0.00388721
1.4,ref,10,0.00369577
1.4,ref,11,0.00368604
1.4,ref,12,0.00321589
1.4,ref,13,0.00300525
1.4,ref,14,0.00101816
1.4,ref,15,0.00056138
1.4,ref,16,0.00043588
1.4,ref,17,0.00010286
1.4,ext,0,1.98082512
1.4,ext,1,1.97344772
1.4,ext,2,1.88636789
1.4,ext,3,0.99356393
1.4,ext,4,0.10787341
1.4,ext,5,0.01747607
1.4,ext,6,0.00902225
1.4,ext,7,0.00750133
1.4,ext,8,0.00433216
1.4,ext,9,0.00388080
1.4,ext,10,0.00369590
1.4,ext,11,0.00368382
1.4,ext,12,0.00320869
1.4,ext,13,0.00300192
1.4,ext,14,0.00101713
1.4,ext,15,0.00056231
1.4,ext,16,0.00043647
1.4,ext,17,0.00010310
1.4,cipsi,0,1.98086158
1.4,cipsi,1,1.97347339
1.4,cipsi,2,1.88621474
1.4,cipsi,3,0.99357264
1.4,cipsi,4,0.10804381
1.4,cipsi,5,0.01745898
1.4,cipsi,6,0.00901510
1.4,cipsi,7,0.00748689
1.4,cipsi,8,0.00432114
1.4,cipsi,9,0.00387521
1.4,cipsi,10,0.00368852
1.4,cipsi,11,0.00367061
1.4,cipsi,12,0.00320303
1.4,cipsi,13,0.00299980
1.4,cipsi,14,0.00101810
1.4,cipsi,15,0.00055799
1.4,cipsi,16,0.00043420
1.4,cipsi,17,0.00010427
1.45,ref,0,1.98073307
1.45,ref,1,1.97353128
1.45,ref,2,1.86831041
1.45,ref,3,0.99360740
1.45,ref,4,0.12613648
1.45,ref,5,0.01740563
1.45,ref,6,0.00895845
1.45,ref,7,0.00741902
1.45,ref,8,0.00424356
1.45,ref,9,0.00383802
1.45,ref,10,0.00368753
1.45,ref,11,0.00368000
1.45,ref,12,0.00324580
1.45,ref,13,0.00317607
1.45,ref,14,0.00100940
1.45,ref,15,0.00051368
1.45,ref,16,0.00040041
1.45,ref,17,0.00010379
1.45,ext,0,1.98074449
1.45,ext,1,1.97354683
1.45,ext,2,1.86859966
1.45,ext,3,0.99361952
1.45,ext,4,0.12585258
1.45,ext,5,0.01739828
1.45,ext,6,0.00895009
1.45,ext,7,0.00741212
1.45,ext,8,0.00424272
1.45,ext,9,0.00383087
1.45,ext,10,0.00368774
1.45,ext,11,0.00367721
1.45,ext,12,0.00324083
1.45,ext,13,0.00316809
1.45,ext,14,0.00100958
1.45,ext,15,0.00051459
1.45,ext,16,0.00040100
1.45,ext,17,0.00010379
1.45,cipsi,0,1.98078691
1.45,cipsi,1,1.97358055
1.45,cipsi,2,1.86841101
1.45,cipsi,3,0.99363421
1.45,cipsi,4,0.12605941
1.45,cipsi,5,0.01737547
1.45,cipsi,6,0.00894019
1.45,cipsi,7,0.00739178
1.45,cipsi,8,0.00422966
1.45,cipsi,9,0.00382499
1.45,cipsi,10,0.00367863
1.45,cipsi,11,0.00366507
1.45,cipsi,12,0.00323750
1.45,cipsi,13,0.00315985
1.45,cipsi,14,0.00100909
1.45,cipsi,15,0.00051154
1.45,cipsi,16,0.00039876
1.45,cipsi,17,0.00010537
1.5,ref,0,1.98066325
1.5,ref,1,1.97365522
1.5,ref,2,1.84782699
1.5,ref,3,0.99367186
1.5,ref,4,0.14681432
1.5,ref,5,0.01730716
1.5,ref,6,0.00889137
1.5,ref,7,0.00732107
1.5,ref,8,0.00417743
1.5,ref,9,0.00379679
1.5,ref,10,0.00367966
1.5,ref,11,0.00367664
1.5,ref,12,0.00345362
1.5,ref,13,0.00314619
1.5,ref,14,0.00098701
1.5,ref,15,0.00046415
1.5,ref,16,0.00036337
1.5,ref,17,0.00010390
1.5,ext,0,1.98067976
1.5,ext,1,1.97369418
1.5,ext,2,1.84816574
1.5,ext,3,0.99369428
1.5,ext,4,0.14648173
1.5,ext,5,0.01727725
1.5,ext,6,0.00887688
1.5,ext,7,0.00730531
1.5,ext,8,0.00417356
1.5,ext,9,0.00378878
1.5,ext,10,0.00367999
1.5,ext,11,0.00367327
1.5,ext,12,0.00345065
1.5,ext,13,0.00313808
1.5,ext,14,0.00098631
1.5,ext,15,0.00046562
1.5,ext,16,0.00036421
1.5,ext,17,0.00010440
1.5,cipsi,0,1.98070492
1.5,cipsi,1,1.97369632
1.5,cipsi,2,1.84789776
1.5,cipsi,3,0.99368820
1.5,cipsi,4,0.14675433
1.5,cipsi,5,0.01728609
1.5,cipsi,6,0.00887814
1.5,cipsi,7,0.00730526
1.5,cipsi,8,0.00416687
1.5,cipsi,9,0.00378551
1.5,cipsi,10,0.00367526
1.5,cipsi,11,0.00366301
1.5,cipsi,12,0.00344884
1.5,cipsi,13,0.00313206
1.5,cipsi,14,0.00098650
1.5,cipsi,15,0.00046236
1.5,cipsi,16,0.00036365
1.5,cipsi,17,0.00010492
1.6,ref,0,1.98056635
1.6,ref,1,1.97396377
1.6,ref,2,1.79848348
1.6,ref,3,0.99383105
1.6,ref,4,0.19648995
1.6,ref,5,0.01706476
1.6,ref,6,0.00876514
1.6,ref,7,0.00710032
1.6,ref,8,0.00424957
1.6,ref,9,0.00373451
1.6,ref,10,0.00367489
1.6,ref,11,0.00366495
1.6,ref,12,0.00363909
1.6,ref,13,0.00311251
1.6,ref,14,0.00090318
1.6,ref,15,0.00036559
1.6,ref,16,0.00028891
1.6,ref,17,0.00010197
1.6,ext,0,1.98058484
1.6,ext,1,1.97400020
1.6,ext,2,1.79886638
1.6,ext,3,0.99385868
1.6,ext,4,0.19610908
1.6,ext,5,0.01704099
1.6,ext,6,0.00874740
1.6,ext,7,0.00708139
1.6,ext,8,0.00424491
1.6,ext,9,0.00372397
1.6,ext,10,0.00367399
1.6,ext,11,0.00366538
1.6,ext,12,0.00363628
1.6,ext,13,0.00310282
1.6,ext,14,0.00090374
1.6,ext,15,0.00036673
1.6,ext,16,0.00028979
1.6,ext,17,0.00010343
1.6,cipsi,0,1.98061332
1.6,cipsi,1,1.97400865
1.6,cipsi,2,1.79858281
1.6,cipsi,3,0.99384903
1.6,cipsi,4,0.19640106
1.6,cipsi,5,0.01704187
1.6,cipsi,6,0.00874981
1.6,cipsi,7,0.00708303
1.6,cipsi,8,0.00424033
1.6,cipsi,9,0.00372276
1.6,cipsi,10,0.00366199
1.6,cipsi,11,0.00366014
1.6,cipsi,12,0.00362786
1.6,cipsi,13,0.00309777
1.6,cipsi,14,0.00090260
1.6,cipsi,15,0.00036458
1.6,cipsi,16,0.00028927
1.6,cipsi,17,0.00010315
1.7,ref,0,1.98052129
1.7,ref,1,1.97432154
1.7,ref,2,1.73815330
1.7,ref,3,0.99401413
1.7,ref,4,0.25706575
1.7,ref,5,0.01679205
1.7,ref,6,0.00865445
1.7,ref,7,0.00686528
1.7,ref,8,0.00455487
1.7,ref,9,0.00369293
1.7,ref,10,0.00365255
1.7,ref,11,0.00365188
1.7,ref,12,0.00358311
1.7,ref,13,0.00310611
1.7,ref,14,0.00077765
1.7,ref,15,0.00027557
1.7,ref,16,0.00021992
1.7,ref,17,0.00009762
1.7,ext,0,1.98054075
1.7,ext,1,1.97435938
1.7,ext,2,1.73858857
1.7,ext,3,0.99404372
1.7,ext,4,0.25663052
1.7,ext,5,0.01676714
1.7,ext,6,0.00863326
1.7,ext,7,0.00684478
1.7,ext,8,0.00455263
1.7,ext,9,0.00368267
1.7,ext,10,0.00365273
1.7,ext,11,0.00364978
1.7,ext,12,0.00358451
1.7,ext,13,0.00309432
1.7,ext,14,0.00077939
1.7,ext,15,0.00027645
1.7,ext,16,0.00022083
1.7,ext,17,0.00009859
1.7,cipsi,0,1.98056647
1.7,cipsi,1,1.97437202
1.7,cipsi,2,1.73829704
1.7,cipsi,3,0.99403730
1.7,cipsi,4,0.25693299
1.7,cipsi,5,0.01676224
1.7,cipsi,6,0.00863774
1.7,cipsi,7,0.00684644
1.7,cipsi,8,0.00454372
1.7,cipsi,9,0.00368241
1.7,cipsi,10,0.00364572
1.7,cipsi,11,0.00363879
1.7,cipsi,12,0.00357619
1.7,cipsi,13,0.00309093
1.7,cipsi,14,0.00077683
1.7,cipsi,15,0.00027404
1.7,cipsi,16,0.00022026
1.7,cipsi,17,0.00009885
1.8,ref,0,1.98051773
1.8,ref,1,1.97469183
1.8,ref,2,1.66866505
1.8,ref,3,0.99420066
1.8,ref,4,0.32670860
1.8,ref,5,0.01652028
1.8,ref,6,0.00856398
1.8,ref,7,0.00663731
1.8,ref,8,0.00485894
1.8,ref,9,0.00366551
1.8,ref,10,0.00365770
1.8,ref,11,0.00364066
1.8,ref,12,0.00347170
1.8,ref,13,0.00311723
1.8,ref,14,0.00063060
1.8,ref,15,0.00019990
1.8,ref,16,0.00016111
1.8,ref,17,0.00009122
1.8,ext,0,1.98053533
1.8,ext,1,1.97473001
1.8,ext,2,1.66925595
1.8,ext,3,0.99423084
1.8,ext,4,0.32611986
1.8,ext,5,0.01649743
1.8,ext,6,0.00854282
1.8,ext,7,0.00661874
1.8,ext,8,0.00485779
1.8,ext,9,0.00365780
1.8,ext,10,0.00365316
1.8,ext,11,0.00363789
1.8,ext,12,0.00347308
1.8,ext,13,0.00310232
1.8,ext,14,0.00063246
1.8,ext,15,0.00020067
1.8,ext,16,0.00016192
1.8,ext,17,0.00009194
1.8,cipsi,0,1.98056872
1.8,cipsi,1,1.97474552
1.8,cipsi,2,1.66884552
1.8,cipsi,3,0.99422393
1.8,cipsi,4,0.32653836
1.8,cipsi,5,0.01649042
1.8,cipsi,6,0.00854140
1.8,cipsi,7,0.00661752
1.8,cipsi,8,0.00484709
1.8,cipsi,9,0.00365486
1.8,cipsi,10,0.00365063
1.8,cipsi,11,0.00362540
1.8,cipsi,12,0.00346519
1.8,cipsi,13,0.00310144
1.8,cipsi,14,0.00063027
1.8,cipsi,15,0.00019940
1.8,cipsi,16,0.00016155
1.8,cipsi,17,0.00009279
1.9,ref,0,1.98054294
1.9,ref,1,1.97504238
1.9,ref,2,1.59362080
1.9,ref,3,0.99437260
1.9,ref,4,0.40182465
1.9,ref,5,0.01627264
1.9,ref,6,0.00849553
1.9,ref,7,0.00643381
1.9,ref,8,0.00510891
1.9,ref,9,0.00366529
1.9,ref,10,0.00364747
1.9,ref,11,0.00363144
1.9,ref,12,0.00338227
1.9,ref,13,0.00313679
1.9,ref,14,0.00048443
1.9,ref,15,0.00014052
1.9,ref,16,0.00011440
1.9,ref,17,0.00008313
1.9,ext,0,1.98055928
1.9,ext,1,1.97508253
1.9,ext,2,1.59435957
1.9,ext,3,0.99440431
1.9,ext,4,0.40108996
1.9,ext,5,0.01625060
1.9,ext,6,0.00847443
1.9,ext,7,0.00641627
1.9,ext,8,0.00510805
1.9,ext,9,0.00366540
1.9,ext,10,0.00363298
1.9,ext,11,0.00362785
1.9,ext,12,0.00338375
1.9,ext,13,0.00311859
1.9,ext,14,0.00048637
1.9,ext,15,0.00014117
1.9,ext,16,0.00011509
1.9,ext,17,0.00008379
1.9,cipsi,0,1.98059416
1.9,cipsi,1,1.97509701
1.9,cipsi,2,1.59382909
1.9,cipsi,3,0.99439472
1.9,cipsi,4,0.40162680
1.9,cipsi,5,0.01624349
1.9,cipsi,6,0.00847359
1.9,cipsi,7,0.00641610
1.9,cipsi,8,0.00509588
1.9,cipsi,9,0.00365616
1.9,cipsi,10,0.00363635
1.9,cipsi,11,0.00361583
1.9,cipsi,12,0.00337475
1.9,cipsi,13,0.00312169
1.9,cipsi,14,0.00048463
1.9,cipsi,15,0.00014019
1.9,cipsi,16,0.00011484
1.9,cipsi,17,0.00008475
2.0,ref,0,1.98058446
2.0,ref,1,1.97535141
2.0,ref,2,1.51762531
2.0,ref,3,0.99451798
2.0,ref,4,0.47782720
2.0,ref,5,0.01606216
2.0,ref,6,0.00844732
2.0,ref,7,0.00626532
2.0,ref,8,0.00530227
2.0,ref,9,0.00367402
2.0,ref,10,0.00363560
2.0,ref,11,0.00362424
2.0,ref,12,0.00331906
2.0,ref,13,0.00315776
2.0,ref,14,0.00035607
2.0,ref,15,0.00009651
2.0,ref,16,0.00007948
2.0,ref,17,0.00007384
2.0,ext,0,1.98058904
2.0,ext,1,1.97538612
2.0,ext,2,1.51866554
2.0,ext,3,0.99454310
2.0,ext,4,0.47679453
2.0,ext,5,0.01605339
2.0,ext,6,0.00844180
2.0,ext,7,0.00625352
2.0,ext,8,0.00529810
2.0,ext,9,0.00367419
2.0,ext,10,0.00361747
2.0,ext,11,0.00361676
2.0,ext,12,0.00332071
2.0,ext,13,0.00313600
2.0,ext,14,0.00035733
2.0,ext,15,0.00009821
2.0,ext,16,0.00007991
2.0,ext,17,0.00007425
2.0,cipsi,0,1.98064192
2.0,cipsi,1,1.97541300
2.0,cipsi,2,1.51785746
2.0,cipsi,3,0.99455129
2.0,cipsi,4,0.47761202
2.0,cipsi,5,0.01602808
2.0,cipsi,6,0.00842455
2.0,cipsi,7,0.00622936
2.0,cipsi,8,0.00527919
2.0,cipsi,9,0.00366638
2.0,cipsi,10,0.00362498
2.0,cipsi,11,0.00360692
2.0,cipsi,12,0.00331199
2.0,cipsi,13,0.00314193
2.0,cipsi,14,0.00035702
2.0,cipsi,15,0.00009818
2.0,cipsi,16,0.00008024
2.0,cipsi,17,0.00007548
2.1,ref,0,1.98063215
2.1,ref,1,1.97560851
2.1,ref,2,1.44502316
2.1,ref,3,0.99463232
2.1,ref,4,0.55039386
2.1,ref,5,0.01589279
2.1,ref,6,0.00841529
2.1,ref,7,0.00613462
2.1,ref,8,0.00544699
2.1,ref,9,0.00368233
2.1,ref,10,0.00362779
2.1,ref,11,0.00361889
2.1,ref,12,0.00327794
2.1,ref,13,0.00317598
2.1,ref,14,0.00025346
2.1,ref,15,0.00006535
2.1,ref,16,0.00006399
2.1,ref,17,0.00005459
2.1,ext,0,1.98063723
2.1,ext,1,1.97564625
2.1,ext,2,1.44615419
2.1,ext,3,0.99465879
2.1,ext,4,0.54927171
2.1,ext,5,0.01588443
2.1,ext,6,0.00840893
2.1,ext,7,0.00612320
2.1,ext,8,0.00544311
2.1,ext,9,0.00368260
2.1,ext,10,0.00361037
2.1,ext,11,0.00360742
2.1,ext,12,0.00327968
2.1,ext,13,0.00315127
2.1,ext,14,0.00025465
2.1,ext,15,0.00006683
2.1,ext,16,0.00006440
2.1,ext,17,0.00005495
2.1,cipsi,0,1.98068682
2.1,cipsi,1,1.97567181
2.1,cipsi,2,1.44524710
2.1,cipsi,3,0.99466538
2.1,cipsi,4,0.55018917
2.1,cipsi,5,0.01585684
2.1,cipsi,6,0.00839618
2.1,cipsi,7,0.00609482
2.1,cipsi,8,0.00542283
2.1,cipsi,9,0.00367465
2.1,cipsi,10,0.00361760
2.1,cipsi,11,0.00360106
2.1,cipsi,12,0.00327028
2.1,cipsi,13,0.00316295
2.1,cipsi,14,0.00025449
2.1,cipsi,15,0.00006696
2.1,cipsi,16,0.00006505
2.1,cipsi,17,0.00005600
2.2,ref,0,1.98067929
2.2,ref,1,1.97581363
2.2,ref,2,1.37886854
2.2,ref,3,0.99471742
2.2,ref,4,0.61649037
2.2,ref,5,0.01576190
2.2,ref,6,0.00839475
2.2,ref,7,0.00603828
2.2,ref,8,0.00555337
2.2,ref,9,0.00368930
2.2,ref,10,0.00362260
2.2,ref,11,0.00361507
2.2,ref,12,0.00325304
2.2,ref,13,0.00318989
2.2,ref,14,0.00017683
2.2,ref,15,0.00005425
2.2,ref,16,0.00004402
2.2,ref,17,0.00003746
2.2,ext,0,1.98068486
2.2,ext,1,1.97585428
2.2,ext,2,1.38004222
2.2,ext,3,0.99474522
2.2,ext,4,0.61532656
2.2,ext,5,0.01575403
2.2,ext,6,0.00838774
2.2,ext,7,0.00602704
2.2,ext,8,0.00554977
2.2,ext,9,0.00368964
2.2,ext,10,0.00360556
2.2,ext,11,0.00360010
2.2,ext,12,0.00325481
2.2,ext,13,0.00316256
2.2,ext,14,0.00017797
2.2,ext,15,0.00005469
2.2,ext,16,0.00004520
2.2,ext,17,0.00003774
2.2,cipsi,0,1.98074092
2.2,cipsi,1,1.97587780
2.2,cipsi,2,1.37908154
2.2,cipsi,3,0.99475074
2.2,cipsi,4,0.61629458
2.2,cipsi,5,0.01573278
2.2,cipsi,6,0.00837506
2.2,cipsi,7,0.00599953
2.2,cipsi,8,0.00552743
2.2,cipsi,9,0.00368069
2.2,cipsi,10,0.00360778
2.2,cipsi,11,0.00359540
2.2,cipsi,12,0.00324337
2.2,cipsi,13,0.00317565
2.2,cipsi,14,0.00017795
2.2,cipsi,15,0.00005554
2.2,cipsi,16,0.00004491
2.2,cipsi,17,0.00003833
2.3,ref,0,1.98072219
2.3,ref,1,1.97597220
2.3,ref,2,1.32062805
2.3,ref,3,0.99477846
2.3,ref,4,0.67466517
2.3,ref,5,0.01566358
2.3,ref,6,0.00838180
2.3,ref,7,0.00596974
2.3,ref,8,0.00563098
2.3,ref,9,0.00369466
2.3,ref,10,0.00361909
2.3,ref,11,0.00361243
2.3,ref,12,0.00323891
2.3,ref,13,0.00319969
2.3,ref,14,0.00012222
2.3,ref,15,0.00004521
2.3,ref,16,0.00002972
2.3,ref,17,0.00002590
2.3,ext,0,1.98072817
2.3,ext,1,1.97601551
2.3,ext,2,1.32180620
2.3,ext,3,0.99480753
2.3,ext,4,0.67349752
2.3,ext,5,0.01565624
2.3,ext,6,0.00837433
2.3,ext,7,0.00595855
2.3,ext,8,0.00562764
2.3,ext,9,0.00369507
2.3,ext,10,0.00360203
2.3,ext,11,0.00359462
2.3,ext,12,0.00324070
2.3,ext,13,0.00317009
2.3,ext,14,0.00012334
2.3,ext,15,0.00004572
2.3,ext,16,0.00003060
2.3,ext,17,0.00002612
2.3,cipsi,0,1.98078010
2.3,cipsi,1,1.97603534
2.3,cipsi,2,1.32085951
2.3,cipsi,3,0.99480688
2.3,cipsi,4,0.67445246
2.3,cipsi,5,0.01563588
2.3,cipsi,6,0.00836494
2.3,cipsi,7,0.00593345
2.3,cipsi,8,0.00560431
2.3,cipsi,9,0.00368446
2.3,cipsi,10,0.00360527
2.3,cipsi,11,0.00359170
2.3,cipsi,12,0.00322951
2.3,cipsi,13,0.00318710
2.3,cipsi,14,0.00012389
2.3,cipsi,15,0.00004705
2.3,cipsi,16,0.00003159
2.3,cipsi,17,0.00002658
2.4,ref,0,1.98075958
2.4,ref,1,1.97609296
2.4,ref,2,1.27047306
2.4,ref,3,0.99482143
2.4,ref,4,0.72475575
2.4,ref,5,0.01559101
2.4,ref,6,0.00837356
2.4,ref,7,0.00592194
2.4,ref,8,0.00568737
2.4,ref,9,0.00369856
2.4,ref,10,0.00361660
2.4,ref,11,0.00361062
2.4,ref,12,0.00323128
2.4,ref,13,0.00320627
2.4,ref,14,0.00008440
2.4,ref,15,0.00003722
2.4,ref,16,0.00002024
2.4,ref,17,0.00001815
2.4,ext,0,1.98076589
2.4,ext,1,1.97613863
2.4,ext,2,1.27162957
2.4,ext,3,0.99485169
2.4,ext,4,0.72361002
2.4,ext,5,0.01558415
2.4,ext,6,0.00836577
2.4,ext,7,0.00591071
2.4,ext,8,0.00568428
2.4,ext,9,0.00369904
2.4,ext,10,0.00359947
2.4,ext,11,0.00359039
2.4,ext,12,0.00323309
2.4,ext,13,0.00317475
2.4,ext,14,0.00008552
2.4,ext,15,0.00003784
2.4,ext,16,0.00002086
2.4,ext,17,0.00001832
2.4,cipsi,0,1.98083269
2.4,cipsi,1,1.97615402
2.4,cipsi,2,1.27071169
2.4,cipsi,3,0.99486453
2.4,cipsi,4,0.72454660
2.4,cipsi,5,0.01556396
2.4,cipsi,6,0.00833981
2.4,cipsi,7,0.00587047
2.4,cipsi,8,0.00564974
2.4,cipsi,9,0.00368957
2.4,cipsi,10,0.00360263
2.4,cipsi,11,0.00359102
2.4,cipsi,12,0.00322210
2.4,cipsi,13,0.00319371
2.4,cipsi,14,0.00008807
2.4,cipsi,15,0.00003955
2.4,cipsi,16,0.00002129
2.4,cipsi,17,0.00001856
2.5,ref,0,1.98079145
2.5,ref,1,1.97618427
2.5,ref,2,1.22781695
2.5,ref,3,0.99485153
2.5,ref,4,0.76735341
2.5,ref,5,0.01553801
2.5,ref,6,0.00836814
2.5,ref,7,0.00588887
2.5,ref,8,0.00572817
2.5,ref,9,0.00370131
2.5,ref,10,0.00361474
2.5,ref,11,0.00360937
2.5,ref,12,0.00322725
2.5,ref,13,0.00321061
2.5,ref,14,0.00005862
2.5,ref,15,0.00003039
2.5,ref,16,0.00001396
2.5,ref,17,0.00001293
2.5,ext,0,1.98076247
2.5,ext,1,1.97646292
2.5,ext,2,1.23114148
2.5,ext,3,0.99519407
2.5,ext,4,0.76400607
2.5,ext,5,0.01529650
2.5,ext,6,0.00839305
2.5,ext,7,0.00576460
2.5,ext,8,0.00555707
2.5,ext,9,0.00370359
2.5,ext,10,0.00359852
2.5,ext,11,0.00358868
2.5,ext,12,0.00322925
2.5,ext,13,0.00317637
2.5,ext,14,0.00006252
2.5,ext,15,0.00003261
2.5,ext,16,0.00001564
2.5,ext,17,0.00001460
2.5,cipsi,0,1.98085653
2.5,cipsi,1,1.97624667
2.5,cipsi,2,1.22802227
2.5,cipsi,3,0.99486920
2.5,cipsi,4,0.76716288
2.5,cipsi,5,0.01550960
2.5,cipsi,6,0.00835022
2.5,cipsi,7,0.00586498
2.5,cipsi,8,0.00570759
2.5,cipsi,9,0.00369052
2.5,cipsi,10,0.00360185
2.5,cipsi,11,0.00358907
2.5,cipsi,12,0.00321846
2.5,cipsi,13,0.00319063
2.5,cipsi,14,0.00006011
2.5,cipsi,15,0.00003185
2.5,cipsi,16,0.00001433
2.5,cipsi,17,0.00001325
2.6,ref,0,1.98081834
2.6,ref,1,1.97625326
2.6,ref,2,1.19175455
2.6,ref,3,0.99487271
2.6,ref,4,0.80336524
2.6,ref,5,0.01549951
2.6,ref,6,0.00836435
2.6,ref,7,0.00586599
2.6,ref,8,0.00575751
2.6,ref,9,0.00370321
2.6,ref,10,0.00361327
2.6,ref,11,0.00360850
2.6,ref,12,0.00322508
2.6,ref,13,0.00321348
2.6,ref,14,0.00004116
2.6,ref,15,0.00002468
2.6,ref,16,0.00000978
2.6,ref,17,0.00000938
2.6,ext,0,1.98082992
2.6,ext,1,1.97630675
2.6,ext,2,1.19266219
2.6,ext,3,0.99491388
2.6,ext,4,0.80246844
2.6,ext,5,0.01547987
2.6,ext,6,0.00834470
2.6,ext,7,0.00585137
2.6,ext,8,0.00575754
2.6,ext,9,0.00370371
2.6,ext,10,0.00359986
2.6,ext,11,0.00358829
2.6,ext,12,0.00322686
2.6,ext,13,0.00317873
2.6,ext,14,0.00004289
2.6,ext,15,0.00002563
2.6,ext,16,0.00000988
2.6,ext,17,0.00000948
2.6,cipsi,0,1.98087619
2.6,cipsi,1,1.97631169
2.6,cipsi,2,1.19193864
2.6,cipsi,3,0.99489317
2.6,cipsi,4,0.80319331
2.6,cipsi,5,0.01547074
2.6,cipsi,6,0.00834419
2.6,cipsi,7,0.00584460
2.6,cipsi,8,0.00573607
2.6,cipsi,9,0.00369226
2.6,cipsi,10,0.00360070
2.6,cipsi,11,0.00359276
2.6,cipsi,12,0.00321650
2.6,cipsi,13,0.00319915
2.6,cipsi,14,0.00004327
2.6,cipsi,15,0.00002648
2.6,cipsi,16,0.00001020
2.6,cipsi,17,0.00001007
2.7,ref,0,1.98084096
2.7,ref,1,1.97630551
2.7,ref,2,1.16133164
2.7,ref,3,0.99488779
2.7,ref,4,0.83374576
2.7,ref,5,0.01547159
2.7,ref,6,0.00836145
2.7,ref,7,0.00585006
2.7,ref,8,0.00577839
2.7,ref,9,0.00370450
2.7,ref,10,0.00361206
2.7,ref,11,0.00360787
2.7,ref,12,0.00322382
2.7,ref,13,0.00321540
2.7,ref,14,0.00002933
2.7,ref,15,0.00001996
2.7,ref,16,0.00000698
2.7,ref,17,0.00000693
2.7,ext,0,1.98085172
2.7,ext,1,1.97635941
2.7,ext,2,1.16220194
2.7,ext,3,0.99492934
2.7,ext,4,0.83288638
2.7,ext,5,0.01545281
2.7,ext,6,0.00834231
2.7,ext,7,0.00583606
2.7,ext,8,0.00577862
2.7,ext,9,0.00370502
2.7,ext,10,0.00359897
2.7,ext,11,0.00358625
2.7,ext,12,0.00322563
2.7,ext,13,0.00317948
2.7,ext,14,0.00003104
2.7,ext,15,0.00002097
2.7,ext,16,0.00000705
2.7,ext,17,0.00000700
2.7,cipsi,0,1.98089932
2.7,cipsi,1,1.97636383
2.7,cipsi,2,1.16150831
2.7,cipsi,3,0.99490820
2.7,cipsi,4,0.83358153
2.7,cipsi,5,0.01544311
2.7,cipsi,6,0.00833941
2.7,cipsi,7,0.00582896
2.7,cipsi,8,0.00575650
2.7,cipsi,9,0.00369360
2.7,cipsi,10,0.00359902
2.7,cipsi,11,0.00359304
2.7,cipsi,12,0.00321588
2.7,cipsi,13,0.00320108
2.7,cipsi,14,0.00003156
2.7,cipsi,15,0.00002188
2.7,cipsi,16,0.00000749
2.7,cipsi,17,0.00000727
2.8,ref,0,1.98085998
2.8,ref,1,1.97634527
2.8,ref,2,1.13567184
2.8,ref,3,0.99489867
2.8,ref,4,0.85937088
2.8,ref,5,0.01545133
2.8,ref,6,0.00835901
2.8,ref,7,0.00583888
2.8,ref,8,0.00579301
2.8,ref,9,0.00370538
2.8,ref,10,0.00361103
2.8,ref,11,0.00360740
2.8,ref,12,0.00322298
2.8,ref,13,0.00321672
2.8,ref,14,0.00002126
2.8,ref,15,0.00001608
2.8,ref,16,0.00000520
2.8,ref,17,0.00000507
2.8,ext,0,1.98086989
2.8,ext,1,1.97639929
2.8,ext,2,1.13649614
2.8,ext,3,0.99494044
2.8,ext,4,0.85855745
2.8,ext,5,0.01543346
2.8,ext,6,0.00834043
2.8,ext,7,0.00582552
2.8,ext,8,0.00579345
2.8,ext,9,0.00370592
2.8,ext,10,0.00359834
2.8,ext,11,0.00358450
2.8,ext,12,0.00322484
2.8,ext,13,0.00317985
2.8,ext,14,0.00002294
2.8,ext,15,0.00001715
2.8,ext,16,0.00000526
2.8,ext,17,0.00000512
2.8,cipsi,0,1.98091617
2.8,cipsi,1,1.97640179
2.8,cipsi,2,1.13583997
2.8,cipsi,3,0.99491638
2.8,cipsi,4,0.85921281
2.8,cipsi,5,0.01542529
2.8,cipsi,6,0.00833995
2.8,cipsi,7,0.00582037
2.8,cipsi,8,0.00577366
2.8,cipsi,9,0.00369437
2.8,cipsi,10,0.00359801
2.8,cipsi,11,0.00359246
2.8,cipsi,12,0.00321485
2.8,cipsi,13,0.00320254
2.8,cipsi,14,0.00002306
2.8,cipsi,15,0.00001737
2.8,cipsi,16,0.00000580
2.8,cipsi,17,0.00000513
2.9,ref,0,1.98087597
2.9,ref,1,1.97637570
2.9,ref,2,1.11401808
2.9,ref,3,0.99490662
2.9,ref,4,0.88099680
2.9,ref,5,0.01543658
2.9,ref,6,0.00835678
2.9,ref,7,0.00583095
2.9,ref,8,0.00580299
2.9,ref,9,0.00370599
2.9,ref,10,0.00361014
2.9,ref,11,0.00360706
2.9,ref,12,0.00322236
2.9,ref,13,0.00321766
2.9,ref,14,0.00001569
2.9,ref,15,0.00001291
2.9,ref,16,0.00000397
2.9,ref,17,0.00000375
2.9,ext,0,1.98088506
2.9,ext,1,1.97642966
2.9,ext,2,1.11478129
2.9,ext,3,0.99494855
2.9,ext,4,0.88024432
2.9,ext,5,0.01541958
2.9,ext,6,0.00833879
2.9,ext,7,0.00581821
2.9,ext,8,0.00580362
2.9,ext,9,0.00370653
2.9,ext,10,0.00359795
2.9,ext,11,0.00358296
2.9,ext,12,0.00322426
2.9,ext,13,0.00318006
2.9,ext,14,0.00001734
2.9,ext,15,0.00001402
2.9,ext,16,0.00000402
2.9,ext,17,0.00000379
2.9,cipsi,0,1.98093237
2.9,cipsi,1,1.97643161
2.9,cipsi,2,1.11417373
2.9,cipsi,3,0.99492369
2.9,cipsi,4,0.88085040
2.9,cipsi,5,0.01541129
2.9,cipsi,6,0.00833800
2.9,cipsi,7,0.00581329
2.9,cipsi,8,0.00578439
2.9,cipsi,9,0.00369486
2.9,cipsi,10,0.00359700
2.9,cipsi,11,0.00359214
2.9,cipsi,12,0.00321406
2.9,cipsi,13,0.00320346
2.9,cipsi,14,0.00001747
2.9,cipsi,15,0.00001409
2.9,cipsi,16,0.00000428
2.9,cipsi,17,0.00000386
3.0,ref,0,1.98088941
3.0,ref,1,1.97639911
3.0,ref,2,1.09573320
3.0,ref,3,0.99491253
3.0,ref,4,0.89925972
3.0,ref,5,0.01542577
3.0,ref,6,0.00835467
3.0,ref,7,0.00582526
3.0,ref,8,0.00580951
3.0,ref,9,0.00370641
3.0,ref,10,0.00360938
3.0,ref,11,0.00360680
3.0,ref,12,0.00322188
3.0,ref,13,0.00321835
3.0,ref,14,0.00001176
3.0,ref,15,0.00001034
3.0,ref,16,0.00000307
3.0,ref,17,0.00000282
3.0,ext,0,1.98089776
3.0,ext,1,1.97645293
3.0,ext,2,1.09640970
3.0,ext,3,0.99495459
3.0,ext,4,0.89859373
3.0,ext,5,0.01540952
3.0,ext,6,0.00833725
3.0,ext,7,0.00581306
3.0,ext,8,0.00581030
3.0,ext,9,0.00370697
3.0,ext,10,0.00359775
3.0,ext,11,0.00358160
3.0,ext,12,0.00322381
3.0,ext,13,0.00318021
3.0,ext,14,0.00001343
3.0,ext,15,0.00001142
3.0,ext,16,0.00000311
3.0,ext,17,0.00000285
3.0,cipsi,0,1.98094647
3.0,cipsi,1,1.97645519
3.0,cipsi,2,1.09587777
3.0,cipsi,3,0.99492882
3.0,cipsi,4,0.89912393
3.0,cipsi,5,0.01540169
3.0,cipsi,6,0.00833483
3.0,cipsi,7,0.00580859
3.0,cipsi,8,0.00579157
3.0,cipsi,9,0.00369504
3.0,cipsi,10,0.00359618
3.0,cipsi,11,0.00359170
3.0,cipsi,12,0.00321317
3.0,cipsi,13,0.00320420
3.0,cipsi,14,0.00001343
3.0,cipsi,15,0.00001146
3.0,cipsi,16,0.00000322
3.0,cipsi,17,0.00000273
