R_angstrom,state,E_FCI_Ha,E_ExtSQD_Ha,E_CIPSI_EN_SQD_Ha,err_ExtSQD_mHa,err_CIPSI_EN_SQD_mHa,S2_FCI,S2_ExtSQD,S2_CIPSI_EN_SQD
0.8,S0,-108.5503382795,-108.5503382295,-108.5503230013,0.0001,0.0153,0.000000,0.000000,0.000007
0.8,T1,-108.0519535831,-108.0519532228,-108.0517031996,0.0004,0.2504,2.000000,2.000000,2.000062
0.8,T2,-108.0519535831,-108.0519529110,-108.0516996508,0.0007,0.2539,2.000000,2.000000,2.000064
0.85,S0,-108.7844617423,-108.7844617216,-108.7844467987,0.0000,0.0149,0.000000,0.000000,0.000007
0.85,T1,-108.3230824458,-108.3230823059,-108.3229208657,0.0001,0.1616,2.000000,2.000000,2.000035
0.85,T2,-108.3230824458,-108.3230821528,-108.3229111246,0.0003,0.1713,2.000000,2.000000,2.000038
0.9,S0,-108.9440362939,-108.9440362793,-108.9440159854,0.0000,0.0203,0.000000,0.000000,0.000010
0.9,T1,-108.5182552292,-108.5182547983,-108.5180909379,0.0004,0.1643,2.000000,2.000000,2.000039
0.9,T2,-108.5182552292,-108.5182547227,-108.5180854123,0.0005,0.1698,2.000000,2.000000,2.000040
0.95,S0,-109.0490514105,-109.0490512822,-109.0490339332,0.0001,0.0175,0.000000,0.000000,0.000008
0.95,T1,-108.6568644695,-108.6568635647,-108.6566200882,0.0009,0.2444,2.000000,2.000000,2.000061
0.95,T2,-108.6568644695,-108.6568635313,-108.6566001500,0.0009,0.2643,2.000000,2.000000,2.000067
1.0,S0,-109.1142457836,-109.1142456866,-109.1142216065,0.0001,0.0242,0.000000,0.000000,0.000012
1.0,T1,-108.7533486099,-108.7533480216,-108.7531336118,0.0006,0.2150,2.000000,2.000000,2.000051
1.0,T2,-108.7533486099,-108.7533479803,-108.7530853905,0.0006,0.2632,2.000000,2.000000,2.000066
1.05,S0,-109.1572416480,-109.1572412194,-109.1572121052,0.0004,0.0295,0.000000,0.000000,0.000016
1.05,T1,-108.8257097771,-108.8257088596,-108.8256438564,0.0009,0.0659,2.000000,2.000000,2.000022
1.05,T2,-108.8248301695,-108.8248290769,-108.8245848807,0.0011,0.2453,2.000000,2.000000,2.000067
1.1,S0,-109.1713907384,-109.1713904313,-109.1713564793,0.0003,0.0343,0.000000,0.000000,0.000019
1.1,T1,-108.8807128191,-108.8807121799,-108.8806355600,0.0006,0.0773,2.000000,2.000000,2.000029
1.1,T2,-108.8656422509,-108.8656409281,-108.8653241085,0.0013,0.3181,2.000000,2.000001,2.000089
1.15,S0,-109.1705170098,-109.1705167054,-109.1704735546,0.0003,0.0435,0.000000,0.000000,0.000025
1.15,T1,-108.9166426934,-108.9166420258,-108.9165665018,0.0007,0.0762,2.000000,2.000000,2.000028
1.15,T2,-108.8891380259,-108.8891363853,-108.8887564438,0.0016,0.3816,2.000000,2.000001,2.000111
1.2,S0,-109.1593187642,-109.1593182901,-109.1592725475,0.0005,0.0462,0.000000,0.000000,0.000027
1.2,T1,-108.9385473674,-108.9385463696,-108.9384588400,0.0010,0.0885,2.000000,2.000000,2.000037
1.2,T2,-108.9001032136,-108.9001018362,-108.8997987132,0.0014,0.3045,2.000000,2.000001,2.000085
1.25,S0,-109.1413108110,-109.1413094267,-109.1412278736,0.0014,0.0829,0.000000,0.000001,0.000049
1.25,T1,-108.9502510348,-108.9502498858,-108.9501480799,0.0011,0.1030,2.000000,2.000000,2.000040
1.25,T2,-108.9021628379,-108.9021382665,-108.9016760276,0.0246,0.4868,2.000000,2.000008,2.000124
1.3,S0,-109.1191028839,-109.1191016045,-109.1190122536,0.0013,0.0906,0.000000,0.000001,0.000055
1.3,T1,-108.9546377563,-108.9546368028,-108.9545355366,0.0010,0.1022,2.000000,2.000000,2.000040
1.3,T2,-108.8992678647,-108.8992666936,-108.8991703963,0.0012,0.0975,2.000000,2.000000,2.000031
1.35,S0,-109.0946157423,-109.0946145373,-109.0945207182,0.0012,0.0950,0.000000,0.000001,0.000059
1.35,T1,-108.9538729951,-108.9538719405,-108.9537540792,0.0011,0.1189,2.000000,2.000000,2.000045
1.35,T2,-108.8977577047,-108.8977565956,-108.8976438894,0.0011,0.1138,2.000000,2.000000,2.000033
1.4,S0,-109.0692478019,-109.0692466832,-109.0691566435,0.0011,0.0912,0.000000,0.000001,0.000062
1.4,T1,-108.9495756787,-108.9495747536,-108.9494780780,0.0009,0.0976,2.000000,2.000000,2.000039
1.4,T2,-108.8925885079,-108.8925876179,-108.8924961533,0.0009,0.0924,2.000000,2.000000,2.000029
1.45,S0,-109.0440038602,-109.0440025115,-109.0439152800,0.0013,0.0886,0.000000,0.000001,0.000065
1.45,T1,-108.9429517758,-108.9429504407,-108.9428501138,0.0013,0.1017,2.000000,2.000000,2.000041
1.45,T2,-108.8849482084,-108.8849469464,-108.8848581140,0.0013,0.0901,2.000000,2.000000,2.000028
1.5,S0,-109.0195957147,-109.0195945180,-109.0194923132,0.0012,0.1034,0.000000,0.000001,0.000070
1.5,T1,-108.9348984360,-108.9348975653,-108.9347859071,0.0009,0.1125,2.000000,2.000000,2.000046
1.5,T2,-108.8757174841,-108.8757166961,-108.8756133932,0.0008,0.1041,2.000000,2.000000,2.000033
1.55,S0,-108.9965211699,-108.9965188383,-108.9963992968,0.0023,0.1219,0.000000,0.000002,0.000096
1.55,T1,-108.9260850597,-108.9260826079,-108.9259533991,0.0025,0.1317,2.000000,2.000001,2.000058
1.55,T2,-108.8655505196,-108.8655489472,-108.8654321823,0.0016,0.1183,2.000000,2.000001,2.000040
1.6,S0,-108.9751246264,-108.9751164385,-108.9749712534,0.0082,0.1534,0.000000,0.000006,0.000138
1.6,T1,-108.9170154025,-108.9170047537,-108.9168679758,0.0106,0.1474,2.000000,2.000004,2.000074
1.6,T2,-108.8549369469,-108.8549324927,-108.8548068000,0.0045,0.1301,2.000000,2.000001,2.000045
1.7,S0,-108.9382181970,-108.9382074194,-108.9380539392,0.0108,0.1643,0.000000,0.000008,0.000155
1.7,T1,-108.8995535688,-108.8995397408,-108.8994149420,0.0138,0.1386,2.000000,2.000005,2.000077
1.7,T2,-108.8337671928,-108.8337618160,-108.8336463647,0.0054,0.1208,2.000000,2.000002,2.000044
1.8,S0,-108.9097856231,-108.9097783446,-108.9095783179,0.0073,0.2073,0.000000,0.000005,0.000198
1.8,T1,-108.8846008665,-108.8845925136,-108.8844501030,0.0084,0.1508,2.000000,2.000003,2.000089
1.8,T2,-108.8142366045,-108.8142324255,-108.8140862823,0.0042,0.1503,2.000000,2.000001,2.000055
1.9,S0,-108.8894780243,-108.8894569979,-108.8892696869,0.0210,0.2083,0.000000,0.000015,0.000213
1.9,T1,-108.8730957771,-108.8730686037,-108.8729446154,0.0272,0.1512,2.000000,2.000009,2.000090
1.9,T2,-108.7973861524,-108.7973762724,-108.7972435944,0.0099,0.1426,2.000000,2.000003,2.000057
2.0,S0,-108.8758293780,-108.8758134395,-108.8756109667,0.0159,0.2184,0.000000,0.000012,0.000256
2.0,T1,-108.8649521005,-108.8649329586,-108.8648009299,0.0191,0.1512,2.000000,2.000007,2.000099
2.0,T2,-108.7835466224,-108.7835393430,-108.7833878390,0.0073,0.1588,2.000000,2.000003,2.000061
2.1,S0,-108.8670000554,-108.8669703043,-108.8667629890,0.0298,0.2371,0.000000,0.000025,0.000292
2.1,T1,-108.8595479804,-108.8595085696,-108.8593725497,0.0394,0.1754,2.000000,2.000015,2.000110
2.1,T2,-108.7727316057,-108.7727199605,-108.7720001263,0.0116,0.7315,2.000000,2.000003,2.014797
2.2,S0,-108.8614060658,-108.8613780628,-108.8611443856,0.0280,0.2617,0.000000,0.000022,0.000502
2.2,T1,-108.8561575214,-108.8561255567,-108.8559779545,0.0320,0.1796,2.000000,2.000011,2.000150
2.2,T2,-108.7647486589,-108.7647354351,-108.7645112932,0.0132,0.2374,2.000000,2.000005,2.000081
2.3,S0,-108.8578726698,-108.8578417126,-108.8575490143,0.0310,0.3237,0.000000,0.000028,0.001523
2.3,T1,-108.8541119632,-108.8540728452,-108.8539117668,0.0391,0.2002,2.000000,2.000014,2.000407
2.3,T2,-108.7548826472,-108.7548674107,-108.7545240982,0.0152,0.3585,2.000000,2.000006,2.000124
2.4,S0,-108.8556080978,-108.8555877933,-108.8553690126,0.0203,0.2391,0.000000,0.000018,0.001082
2.4,T1,-108.8528923105,-108.8528658851,-108.8527285774,0.0264,0.1637,2.000000,2.000009,2.000268
2.4,T2,-108.7532808201,-108.7529130212,-108.7526787038,0.3678,0.6021,2.088312,2.000004,2.000071
2.5,S0,-108.8541194587,-108.8540806193,-108.8537876469,0.0388,0.3318,0.000000,0.000057,0.005010
2.5,T1,-108.8521547734,-108.8521052481,-108.8519488539,0.0495,0.2059,2.000000,2.000023,2.001060
2.5,T2,-108.7528192824,-108.7527361704,-108.7510658887,0.0831,1.7534,2.000011,2.002271,2.000117
2.6,S0,-108.8531135515,-108.8531005524,-108.8529071301,0.0130,0.2064,0.000000,0.000020,0.000165
2.6,T1,-108.8516945306,-108.8516766663,-108.8514963994,0.0179,0.1981,2.000000,2.000008,2.000064
2.6,T2,-108.7503261901,-108.7503201038,-108.7500840185,0.0061,0.2422,2.000057,2.000010,2.000065
2.7,S0,-108.8524162166,-108.8523773736,-108.8521057202,0.0388,0.3105,0.000000,0.000162,0.016996
2.7,T1,-108.8513947226,-108.8513438023,-108.8512062101,0.0509,0.1885,2.000000,2.000044,2.003398
2.7,T2,-108.7498670958,-108.7494728931,-108.7491348491,0.3942,0.7322,2.041305,2.000026,2.000143
2.8,S0,-108.8519208845,-108.8519011110,-108.8517082509,0.0198,0.2126,0.000000,0.000125,0.003785
2.8,T1,-108.8511884894,-108.8511609237,-108.8510178737,0.0276,0.1706,2.000000,2.000032,2.000664
2.8,T2,-108.7488613596,-108.7488539274,-108.7485598949,0.0074,0.3015,2.001427,2.000051,2.001125
2.9,S0,-108.8515600966,-108.8515362828,-108.8513238124,0.0238,0.2363,0.000000,0.000177,0.034373
2.9,T1,-108.8510370560,-108.8510065229,-108.8508887647,0.0305,0.1483,2.000000,2.000043,2.006546
2.9,T2,-108.7485248553,-108.7485180018,-108.7480681097,0.0069,0.4567,2.000000,2.000039,2.000092
3.0,S0,-108.8512900678,-108.8512592229,-108.8511342356,0.0308,0.1558,0.000000,0.001569,0.007456
3.0,T1,-108.8509178344,-108.8508722080,-108.8507919440,0.0456,0.1259,2.000000,2.000346,2.001426
3.0,T2,-108.7481081337,-108.7481077692,-108.7478447943,0.0004,0.2633,2.001476,2.000034,2.042006
