R_angstrom,n_configs,cumulative_weight
0.8,1,95.2224705022
0.8,44,99.4625599116
0.8,87,99.8337908140
0.8,130,99.9199544429
0.8,173,99.9485543464
0.8,216,99.9636609315
0.8,259,99.9720933143
0.8,302,99.9778225066
0.8,345,99.9822934766
0.8,388,99.9855529727
0.8,431,99.9880701982
0.8,474,99.9900250694
0.8,517,99.9916259015
0.8,560,99.9929307267
0.8,603,99.9939983884
0.8,646,99.9949036456
0.8,689,99.9956661891
0.8,732,99.9962953132
0.8,775,99.9968042353
0.8,818,99.9972472217
0.8,861,99.9976107783
0.8,904,99.9979063559
0.8,947,99.9981605517
0.8,990,99.9983768568
0.8,1033,99.9985580775
0.8,1076,99.9987176842
0.8,1119,99.9988619657
0.8,1162,99.9989885384
0.8,1205,99.9990986791
0.8,1248,99.9991969086
0.8,1291,99.9992822406
0.8,1334,99.9993580996
0.8,1377,99.9994267444
0.8,1420,99.9994894649
0.8,1463,99.9995442777
0.8,1506,99.9995931134
0.8,1549,99.9996366122
0.8,1592,99.9996758936
0.8,1635,99.9997110614
0.8,1678,99.9997429633
0.8,1721,99.9997715427
0.8,1764,99.9997973333
0.8,1807,99.9998203499
0.8,1850,99.9998407055
0.8,1893,99.9998591188
0.8,1936,99.9998758710
0.8,1979,99.9998899849
0.8,2022,99.9999027752
0.8,2065,99.9999141342
0.8,2108,99.9999240315
0.8,2151,99.9999326951
0.8,2194,99.9999402616
0.8,2237,99.9999469203
0.8,2280,99.9999526101
0.8,2323,99.9999576018
0.8,2366,99.9999621431
0.8,2409,99.9999662162
0.8,2452,99.9999698301
0.8,2495,99.9999731023
0.8,2538,99.9999760441
0.8,2581,99.9999786218
0.8,2624,99.9999809267
0.8,2667,99.9999829682
0.8,2710,99.9999847692
0.8,2753,99.9999863618
0.8,2796,99.9999877970
0.8,2839,99.9999891131
0.8,2882,99.9999902645
0.8,2925,99.9999913009
0.8,2968,99.9999922425
0.8,3011,99.9999931150
0.8,3054,99.9999939275
0.8,3097,99.9999946624
0.8,3140,99.9999953286
0.8,3183,99.9999959243
0.8,3226,99.9999964603
0.8,3269,99.9999969389
0.8,3312,99.9999973608
0.8,3355,99.9999977378
0.8,3398,99.9999980744
0.8,3441,99.9999983662
0.8,3484,99.9999986189
0.8,3527,99.9999988436
0.8,3570,99.9999990429
0.8,3613,99.9999992225
0.8,3656,99.9999993811
0.8,3699,99.9999995171
0.8,3742,99.9999996328
0.8,3785,99.9999997275
0.8,3828,99.9999998043
0.8,3871,99.9999998649
0.8,3914,99.9999999133
0.8,3957,99.9999999506
0.8,4000,99.9999999753
0.8,4043,99.9999999912
0.8,4086,99.9999999990
0.8,4129,100.0000000000
0.8,4172,100.0000000000
0.8,4215,100.0000000000
0.8,4258,100.0000000000
0.8,4301,100.0000000000
0.8,4344,100.0000000000
0.8,4368,100.0000000000
0.85,1,94.7602390811
0.85,44,99.4946472733
0.85,87,99.8683741100
0.85,130,99.9300158610
0.85,173,99.9561035999
0.85,216,99.9688671367
0.85,259,99.9759027757
0.85,302,99.9808674397
0.85,345,99.9844448398
0.85,388,99.9872484456
0.85,431,99.9894768725
0.85,474,99.9912815439
0.85,517,99.9927129158
0.85,560,99.9938742030
0.85,603,99.9948411751
0.85,646,99.9956696147
0.85,689,99.9963527917
0.85,732,99.9969095296
0.85,775,99.9973563576
0.85,818,99.9977229395
0.85,861,99.9980267947
0.85,904,99.9982851419
0.85,947,99.9985000933
0.85,990,99.9986813582
0.85,1033,99.9988466883
0.85,1076,99.9989900504
0.85,1119,99.9991097466
0.85,1162,99.9992147741
0.85,1205,99.9993088165
0.85,1248,99.9993915789
0.85,1291,99.9994654095
0.85,1334,99.9995322849
0.85,1377,99.9995906641
0.85,1420,99.9996374797
0.85,1463,99.9996783910
0.85,1506,99.9997143244
0.85,1549,99.9997449180
0.85,1592,99.9997723829
0.85,1635,99.9997965198
0.85,1678,99.9998183753
0.85,1721,99.9998384965
0.85,1764,99.9998560387
0.85,1807,99.9998716525
0.85,1850,99.9998857155
0.85,1893,99.9998978279
0.85,1936,99.9999083029
0.85,1979,99.9999174317
0.85,2022,99.9999256462
0.85,2065,99.9999328702
0.85,2108,99.9999393148
0.85,2151,99.9999452318
0.85,2194,99.9999506119
0.85,2237,99.9999555743
0.85,2280,99.9999600853
0.85,2323,99.9999641644
0.85,2366,99.9999678185
0.85,2409,99.9999711628
0.85,2452,99.9999742196
0.85,2495,99.9999769934
0.85,2538,99.9999794720
0.85,2581,99.9999817180
0.85,2624,99.9999836887
0.85,2667,99.9999854222
0.85,2710,99.9999869955
0.85,2753,99.9999883868
0.85,2796,99.9999896381
0.85,2839,99.9999907588
0.85,2882,99.9999918000
0.85,2925,99.9999927652
0.85,2968,99.9999936377
0.85,3011,99.9999944208
0.85,3054,99.9999951202
0.85,3097,99.9999957479
0.85,3140,99.9999963052
0.85,3183,99.9999968004
0.85,3226,99.9999972395
0.85,3269,99.9999976114
0.85,3312,99.9999979292
0.85,3355,99.9999982147
0.85,3398,99.9999984767
0.85,3441,99.9999987086
0.85,3484,99.9999989116
0.85,3527,99.9999990896
0.85,3570,99.9999992426
0.85,3613,99.9999993751
0.85,3656,99.9999994920
0.85,3699,99.9999995884
0.85,3742,99.9999996690
0.85,3785,99.9999997398
0.85,3828,99.9999997999
0.85,3871,99.9999998514
0.85,3914,99.9999998930
0.85,3957,99.9999999265
0.85,4000,99.9999999503
0.85,4043,99.9999999689
0.85,4086,99.9999999829
0.85,4129,99.9999999927
0.85,4172,99.9999999983
0.85,4215,100.0000000000
0.85,4258,100.0000000000
0.85,4301,100.0000000000
0.85,4344,100.0000000000
0.85,4368,100.0000000000
0.9,1,94.2282839860
0.9,44,99.4656829885
0.9,87,99.8481885301
0.9,130,99.9202912657
0.9,173,99.9503745298
0.9,216,99.9644822236
0.9,259,99.9724807843
0.9,302,99.9782604959
0.9,345,99.9823844227
0.9,388,99.9854314381
0.9,431,99.9879211006
0.9,474,99.9899029163
0.9,517,99.9914992963
0.9,560,99.9928315260
0.9,603,99.9939328209
0.9,646,99.9948589656
0.9,689,99.9956481990
0.9,732,99.9962917990
0.9,775,99.9968291495
0.9,818,99.9972793892
0.9,861,99.9976577656
0.9,904,99.9979654632
0.9,947,99.9982139206
0.9,990,99.9984247723
0.9,1033,99.9986057546
0.9,1076,99.9987645783
0.9,1119,99.9989042034
0.9,1162,99.9990247103
0.9,1205,99.9991339478
0.9,1248,99.9992340216
0.9,1291,99.9993218862
0.9,1334,99.9993985926
0.9,1377,99.9994678414
0.9,1420,99.9995283744
0.9,1463,99.9995801744
0.9,1506,99.9996251205
0.9,1549,99.9996650876
0.9,1592,99.9997000574
0.9,1635,99.9997301632
0.9,1678,99.9997573033
0.9,1721,99.9997813968
0.9,1764,99.9998035838
0.9,1807,99.9998240653
0.9,1850,99.9998426846
0.9,1893,99.9998594983
0.9,1936,99.9998744776
0.9,1979,99.9998882214
0.9,2022,99.9999002337
0.9,2065,99.9999105326
0.9,2108,99.9999197030
0.9,2151,99.9999278234
0.9,2194,99.9999352091
0.9,2237,99.9999419129
0.9,2280,99.9999479043
0.9,2323,99.9999532152
0.9,2366,99.9999580164
0.9,2409,99.9999624408
0.9,2452,99.9999663878
0.9,2495,99.9999699846
0.9,2538,99.9999731618
0.9,2581,99.9999759963
0.9,2624,99.9999785391
0.9,2667,99.9999808380
0.9,2710,99.9999828554
0.9,2753,99.9999846527
0.9,2796,99.9999862831
0.9,2839,99.9999877863
0.9,2882,99.9999891643
0.9,2925,99.9999903882
0.9,2968,99.9999914830
0.9,3011,99.9999924577
0.9,3054,99.9999933220
0.9,3097,99.9999940956
0.9,3140,99.9999947949
0.9,3183,99.9999954260
0.9,3226,99.9999960021
0.9,3269,99.9999965046
0.9,3312,99.9999969488
0.9,3355,99.9999973474
0.9,3398,99.9999977062
0.9,3441,99.9999980268
0.9,3484,99.9999983105
0.9,3527,99.9999985665
0.9,3570,99.9999987980
0.9,3613,99.9999989994
0.9,3656,99.9999991757
0.9,3699,99.9999993276
0.9,3742,99.9999994564
0.9,3785,99.9999995644
0.9,3828,99.9999996534
0.9,3871,99.9999997278
0.9,3914,99.9999997912
0.9,3957,99.9999998456
0.9,4000,99.9999998901
0.9,4043,99.9999999250
0.9,4086,99.9999999511
0.9,4129,99.9999999721
0.9,4172,99.9999999862
0.9,4215,99.9999999945
0.9,4258,99.9999999990
0.9,4301,100.0000000000
0.9,4344,100.0000000000
0.9,4368,100.0000000000
0.95,1,93.6134419756
0.95,44,99.3310008034
0.95,87,99.7866891402
0.95,130,99.8850632146
0.95,173,99.9250959181
0.95,216,99.9490359119
0.95,259,99.9620128390
0.95,302,99.9702641051
0.95,345,99.9758543777
0.95,388,99.9801037022
0.95,431,99.9834303300
0.95,474,99.9862015169
0.95,517,99.9883487553
0.95,560,99.9901179781
0.95,603,99.9915508701
0.95,646,99.9927781426
0.95,689,99.9938110463
0.95,732,99.9946721712
0.95,775,99.9953818512
0.95,818,99.9960037166
0.95,861,99.9965422144
0.95,904,99.9970019688
0.95,947,99.9973839871
0.95,990,99.9977036428
0.95,1033,99.9979809154
0.95,1076,99.9982144958
0.95,1119,99.9984178579
0.95,1162,99.9985932613
0.95,1205,99.9987467934
0.95,1248,99.9988834156
0.95,1291,99.9990042179
0.95,1334,99.9991109040
0.95,1377,99.9992043671
0.95,1420,99.9992881753
0.95,1463,99.9993611168
0.95,1506,99.9994283616
0.95,1549,99.9994897896
0.95,1592,99.9995428173
0.95,1635,99.9995880760
0.95,1678,99.9996285293
0.95,1721,99.9996651777
0.95,1764,99.9996985967
0.95,1807,99.9997286835
0.95,1850,99.9997553563
0.95,1893,99.9997795714
0.95,1936,99.9998017292
0.95,1979,99.9998223051
0.95,2022,99.9998410622
0.95,2065,99.9998574318
0.95,2108,99.9998725080
0.95,2151,99.9998859470
0.95,2194,99.9998979681
0.95,2237,99.9999090851
0.95,2280,99.9999191640
0.95,2323,99.9999280178
0.95,2366,99.9999359486
0.95,2409,99.9999429213
0.95,2452,99.9999491416
0.95,2495,99.9999548497
0.95,2538,99.9999599686
0.95,2581,99.9999645093
0.95,2624,99.9999686289
0.95,2667,99.9999722773
0.95,2710,99.9999755334
0.95,2753,99.9999783364
0.95,2796,99.9999808343
0.95,2839,99.9999831160
0.95,2882,99.9999851452
0.95,2925,99.9999869118
0.95,2968,99.9999884688
0.95,3011,99.9999898712
0.95,3054,99.9999911193
0.95,3097,99.9999922407
0.95,3140,99.9999932556
0.95,3183,99.9999941382
0.95,3226,99.9999949159
0.95,3269,99.9999956141
0.95,3312,99.9999962386
0.95,3355,99.9999968027
0.95,3398,99.9999972839
0.95,3441,99.9999977011
0.95,3484,99.9999980752
0.95,3527,99.9999984022
0.95,3570,99.9999986810
0.95,3613,99.9999989224
0.95,3656,99.9999991391
0.95,3699,99.9999993291
0.95,3742,99.9999994917
0.95,3785,99.9999996197
0.95,3828,99.9999997217
0.95,3871,99.9999998040
0.95,3914,99.9999998718
0.95,3957,99.9999999239
0.95,4000,99.9999999625
0.95,4043,99.9999999872
0.95,4086,99.9999999984
0.95,4129,100.0000000000
0.95,4172,100.0000000000
0.95,4215,100.0000000000
0.95,4258,100.0000000000
0.95,4301,100.0000000000
0.95,4344,100.0000000000
0.95,4368,100.0000000000
1.0,1,92.9036750726
1.0,44,99.3135512988
1.0,87,99.7657042451
1.0,130,99.8857307858
1.0,173,99.9241134775
1.0,216,99.9438689550
1.0,259,99.9571376546
1.0,302,99.9661538583
1.0,345,99.9728567483
1.0,388,99.9776506394
1.0,431,99.9814533773
1.0,474,99.9845782862
1.0,517,99.9870275280
1.0,560,99.9890267842
1.0,603,99.9907054923
1.0,646,99.9920816768
1.0,689,99.9932444159
1.0,732,99.9942107795
1.0,775,99.9950367249
1.0,818,99.9957173752
1.0,861,99.9962767830
1.0,904,99.9967487579
1.0,947,99.9971459533
1.0,990,99.9974805597
1.0,1033,99.9977673161
1.0,1076,99.9980151870
1.0,1119,99.9982266733
1.0,1162,99.9984100258
1.0,1205,99.9985730426
1.0,1248,99.9987179605
1.0,1291,99.9988468408
1.0,1334,99.9989642871
1.0,1377,99.9990717887
1.0,1420,99.9991666027
1.0,1463,99.9992497225
1.0,1506,99.9993232915
1.0,1549,99.9993896582
1.0,1592,99.9994514301
1.0,1635,99.9995071789
1.0,1678,99.9995576698
1.0,1721,99.9996036216
1.0,1764,99.9996453835
1.0,1807,99.9996827583
1.0,1850,99.9997153768
1.0,1893,99.9997445869
1.0,1936,99.9997713364
1.0,1979,99.9997959700
1.0,2022,99.9998180841
1.0,2065,99.9998381657
1.0,2108,99.9998559279
1.0,2151,99.9998714424
1.0,2194,99.9998851681
1.0,2237,99.9998974278
1.0,2280,99.9999083835
1.0,2323,99.9999182377
1.0,2366,99.9999269894
1.0,2409,99.9999345854
1.0,2452,99.9999415454
1.0,2495,99.9999477962
1.0,2538,99.9999534892
1.0,2581,99.9999585064
1.0,2624,99.9999630158
1.0,2667,99.9999671091
1.0,2710,99.9999707929
1.0,2753,99.9999741587
1.0,2796,99.9999771730
1.0,2839,99.9999797609
1.0,2882,99.9999820393
1.0,2925,99.9999840702
1.0,2968,99.9999858822
1.0,3011,99.9999874445
1.0,3054,99.9999888450
1.0,3097,99.9999901296
1.0,3140,99.9999912902
1.0,3183,99.9999923261
1.0,3226,99.9999932527
1.0,3269,99.9999940912
1.0,3312,99.9999948688
1.0,3355,99.9999955717
1.0,3398,99.9999962023
1.0,3441,99.9999967689
1.0,3484,99.9999972846
1.0,3527,99.9999977383
1.0,3570,99.9999981331
1.0,3613,99.9999984611
1.0,3656,99.9999987483
1.0,3699,99.9999990054
1.0,3742,99.9999992310
1.0,3785,99.9999994092
1.0,3828,99.9999995560
1.0,3871,99.9999996719
1.0,3914,99.9999997649
1.0,3957,99.9999998369
1.0,4000,99.9999998955
1.0,4043,99.9999999424
1.0,4086,99.9999999743
1.0,4129,99.9999999925
1.0,4172,99.9999999999
1.0,4215,100.0000000000
1.0,4258,100.0000000000
1.0,4301,100.0000000000
1.0,4344,100.0000000000
1.0,4368,100.0000000000
1.05,1,92.0272415153
1.05,44,99.1825201096
1.05,87,99.6841242922
1.05,130,99.8295806467
1.05,173,99.8930785471
1.05,216,99.9222149069
1.05,259,99.9411528750
1.05,302,99.9538058177
1.05,345,99.9626221477
1.05,388,99.9693253281
1.05,431,99.9744734255
1.05,474,99.9783931947
1.05,517,99.9816411940
1.05,560,99.9842973087
1.05,603,99.9865537347
1.05,646,99.9885038656
1.05,689,99.9900765136
1.05,732,99.9913734818
1.05,775,99.9925142933
1.05,818,99.9934669158
1.05,861,99.9942708872
1.05,904,99.9949710824
1.05,947,99.9955786021
1.05,990,99.9961009751
1.05,1033,99.9965442967
1.05,1076,99.9969348909
1.05,1119,99.9972884587
1.05,1162,99.9975927620
1.05,1205,99.9978503676
1.05,1248,99.9980646497
1.05,1291,99.9982519318
1.05,1334,99.9984161543
1.05,1377,99.9985656232
1.05,1420,99.9986995017
1.05,1463,99.9988198418
1.05,1506,99.9989266483
1.05,1549,99.9990242195
1.05,1592,99.9991121114
1.05,1635,99.9991936154
1.05,1678,99.9992688033
1.05,1721,99.9993375071
1.05,1764,99.9993990787
1.05,1807,99.9994538319
1.05,1850,99.9995032276
1.05,1893,99.9995485217
1.05,1936,99.9995898785
1.05,1979,99.9996282183
1.05,2022,99.9996633957
1.05,2065,99.9996959889
1.05,2108,99.9997259787
1.05,2151,99.9997535647
1.05,2194,99.9997793666
1.05,2237,99.9998031948
1.05,2280,99.9998249245
1.05,2323,99.9998444918
1.05,2366,99.9998623228
1.05,2409,99.9998780164
1.05,2452,99.9998921111
1.05,2495,99.9999045391
1.05,2538,99.9999153596
1.05,2581,99.9999251406
1.05,2624,99.9999340378
1.05,2667,99.9999420580
1.05,2710,99.9999489472
1.05,2753,99.9999550345
1.05,2796,99.9999605226
1.05,2839,99.9999652850
1.05,2882,99.9999694020
1.05,2925,99.9999730518
1.05,2968,99.9999762794
1.05,3011,99.9999789987
1.05,3054,99.9999814155
1.05,3097,99.9999836091
1.05,3140,99.9999855611
1.05,3183,99.9999873039
1.05,3226,99.9999888933
1.05,3269,99.9999903426
1.05,3312,99.9999916503
1.05,3355,99.9999928442
1.05,3398,99.9999939056
1.05,3441,99.9999948474
1.05,3484,99.9999956952
1.05,3527,99.9999964468
1.05,3570,99.9999970882
1.05,3613,99.9999976449
1.05,3656,99.9999981285
1.05,3699,99.9999985511
1.05,3742,99.9999989041
1.05,3785,99.9999991960
1.05,3828,99.9999994391
1.05,3871,99.9999996244
1.05,3914,99.9999997632
1.05,3957,99.9999998658
1.05,4000,99.9999999394
1.05,4043,99.9999999865
1.05,4086,100.0000000000
1.05,4129,100.0000000000
1.05,4172,100.0000000000
1.05,4215,100.0000000000
1.05,4258,100.0000000000
1.05,4301,100.0000000000
1.05,4344,100.0000000000
1.05,4368,100.0000000000
1.1,1,91.0993797616
1.1,44,99.1660932571
1.1,87,99.6749234452
1.1,130,99.8121471102
1.1,173,99.8845769226
1.1,216,99.9171124777
1.1,259,99.9361897934
1.1,302,99.9506391624
1.1,345,99.9609872389
1.1,388,99.9679492845
1.1,431,99.9730012536
1.1,474,99.9770051121
1.1,517,99.9803963990
1.1,560,99.9832279081
1.1,603,99.9855919903
1.1,646,99.9876213687
1.1,689,99.9893020356
1.1,732,99.9906961868
1.1,775,99.9918520950
1.1,818,99.9928158363
1.1,861,99.9936793118
1.1,904,99.9944348560
1.1,947,99.9950863133
1.1,990,99.9956403485
1.1,1033,99.9961086434
1.1,1076,99.9965401099
1.1,1119,99.9969337807
1.1,1162,99.9972640731
1.1,1205,99.9975512509
1.1,1248,99.9978029875
1.1,1291,99.9980300870
1.1,1334,99.9982335972
1.1,1377,99.9984149234
1.1,1420,99.9985750749
1.1,1463,99.9987184519
1.1,1506,99.9988456967
1.1,1549,99.9989603752
1.1,1592,99.9990625140
1.1,1635,99.9991524138
1.1,1678,99.9992321287
1.1,1721,99.9993032523
1.1,1764,99.9993684609
1.1,1807,99.9994277750
1.1,1850,99.9994828942
1.1,1893,99.9995314362
1.1,1936,99.9995737091
1.1,1979,99.9996123752
1.1,2022,99.9996482734
1.1,2065,99.9996812183
1.1,2108,99.9997116205
1.1,2151,99.9997397447
1.1,2194,99.9997657847
1.1,2237,99.9997894274
1.1,2280,99.9998111907
1.1,2323,99.9998309651
1.1,2366,99.9998489628
1.1,2409,99.9998655431
1.1,2452,99.9998807930
1.1,2495,99.9998945706
1.1,2538,99.9999068535
1.1,2581,99.9999177969
1.1,2624,99.9999274619
1.1,2667,99.9999360005
1.1,2710,99.9999437340
1.1,2753,99.9999506543
1.1,2796,99.9999566746
1.1,2839,99.9999620154
1.1,2882,99.9999666991
1.1,2925,99.9999707067
1.1,2968,99.9999741852
1.1,3011,99.9999772393
1.1,3054,99.9999799670
1.1,3097,99.9999823241
1.1,3140,99.9999844376
1.1,3183,99.9999863498
1.1,3226,99.9999880762
1.1,3269,99.9999896432
1.1,3312,99.9999910756
1.1,3355,99.9999923575
1.1,3398,99.9999934641
1.1,3441,99.9999944254
1.1,3484,99.9999952813
1.1,3527,99.9999960321
1.1,3570,99.9999967189
1.1,3613,99.9999973198
1.1,3656,99.9999978479
1.1,3699,99.9999983053
1.1,3742,99.9999986935
1.1,3785,99.9999990203
1.1,3828,99.9999992835
1.1,3871,99.9999994914
1.1,3914,99.9999996511
1.1,3957,99.9999997778
1.1,4000,99.9999998778
1.1,4043,99.9999999517
1.1,4086,99.9999999909
1.1,4129,100.0000000000
1.1,4172,100.0000000000
1.1,4215,100.0000000000
1.1,4258,100.0000000000
1.1,4301,100.0000000000
1.1,4344,100.0000000000
1.1,4368,100.0000000000
1.15,1,90.0424041105
1.15,44,99.0621126276
1.15,87,99.6121797516
1.15,130,99.7725591513
1.15,173,99.8582213920
1.15,216,99.8997068822
1.15,259,99.9244673293
1.15,302,99.9420420434
1.15,345,99.9545086586
1.15,388,99.9629260711
1.15,431,99.9690372334
1.15,474,99.9738695695
1.15,517,99.9777484372
1.15,560,99.9810943589
1.15,603,99.9838207589
1.15,646,99.9860859272
1.15,689,99.9879195351
1.15,732,99.9894328008
1.15,775,99.9907016777
1.15,818,99.9917924552
1.15,861,99.9927371844
1.15,904,99.9935595336
1.15,947,99.9942972296
1.15,990,99.9949536717
1.15,1033,99.9955268999
1.15,1076,99.9960183479
1.15,1119,99.9964498693
1.15,1162,99.9968317291
1.15,1205,99.9971728421
1.15,1248,99.9974753344
1.15,1291,99.9977413260
1.15,1334,99.9979700839
1.15,1377,99.9981766446
1.15,1420,99.9983604437
1.15,1463,99.9985279606
1.15,1506,99.9986785890
1.15,1549,99.9988117781
1.15,1592,99.9989280296
1.15,1635,99.9990342008
1.15,1678,99.9991287886
1.15,1721,99.9992129346
1.15,1764,99.9992881496
1.15,1807,99.9993580049
1.15,1850,99.9994197770
1.15,1893,99.9994756973
1.15,1936,99.9995269265
1.15,1979,99.9995738665
1.15,2022,99.9996165712
1.15,2065,99.9996556314
1.15,2108,99.9996917916
1.15,2151,99.9997239751
1.15,2194,99.9997530889
1.15,2237,99.9997789468
1.15,2280,99.9998021143
1.15,2323,99.9998234875
1.15,2366,99.9998430842
1.15,2409,99.9998607752
1.15,2452,99.9998765871
1.15,2495,99.9998904071
1.15,2538,99.9999024586
1.15,2581,99.9999134303
1.15,2624,99.9999232049
1.15,2667,99.9999319821
1.15,2710,99.9999398455
1.15,2753,99.9999470313
1.15,2796,99.9999534175
1.15,2839,99.9999589766
1.15,2882,99.9999638451
1.15,2925,99.9999681002
1.15,2968,99.9999718526
1.15,3011,99.9999751000
1.15,3054,99.9999779419
1.15,3097,99.9999805110
1.15,3140,99.9999828426
1.15,3183,99.9999849790
1.15,3226,99.9999868418
1.15,3269,99.9999885410
1.15,3312,99.9999900967
1.15,3355,99.9999914908
1.15,3398,99.9999926992
1.15,3441,99.9999937887
1.15,3484,99.9999947771
1.15,3527,99.9999956441
1.15,3570,99.9999964001
1.15,3613,99.9999970457
1.15,3656,99.9999976140
1.15,3699,99.9999980950
1.15,3742,99.9999985123
1.15,3785,99.9999988846
1.15,3828,99.9999991977
1.15,3871,99.9999994472
1.15,3914,99.9999996372
1.15,3957,99.9999997823
1.15,4000,99.9999998893
1.15,4043,99.9999999610
1.15,4086,99.9999999960
1.15,4129,100.0000000000
1.15,4172,100.0000000000
1.15,4215,100.0000000000
1.15,4258,100.0000000000
1.15,4301,100.0000000000
1.15,4344,100.0000000000
1.15,4368,100.0000000000
1.2,1,88.8377753456
1.2,44,98.9827400852
1.2,87,99.5738865278
1.2,130,99.7543179794
1.2,173,99.8503685008
1.2,216,99.8920058896
1.2,259,99.9175286169
1.2,302,99.9355679055
1.2,345,99.9487589642
1.2,388,99.9579815146
1.2,431,99.9645843465
1.2,474,99.9700233124
1.2,517,99.9743429251
1.2,560,99.9779249443
1.2,603,99.9810314526
1.2,646,99.9836497460
1.2,689,99.9858966193
1.2,732,99.9877951000
1.2,775,99.9893256222
1.2,818,99.9906530033
1.2,861,99.9918077036
1.2,904,99.9928245329
1.2,947,99.9936984248
1.2,990,99.9944361677
1.2,1033,99.9950950687
1.2,1076,99.9956684562
1.2,1119,99.9961626322
1.2,1162,99.9965988021
1.2,1205,99.9969600149
1.2,1248,99.9972749928
1.2,1291,99.9975536985
1.2,1334,99.9978010039
1.2,1377,99.9980231753
1.2,1420,99.9982168379
1.2,1463,99.9983893287
1.2,1506,99.9985434981
1.2,1549,99.9986799824
1.2,1592,99.9988011418
1.2,1635,99.9989101948
1.2,1678,99.9990073316
1.2,1721,99.9990965364
1.2,1764,99.9991767031
1.2,1807,99.9992505226
1.2,1850,99.9993177134
1.2,1893,99.9993791878
1.2,1936,99.9994368955
1.2,1979,99.9994904183
1.2,2022,99.9995375464
1.2,2065,99.9995813123
1.2,2108,99.9996222381
1.2,2151,99.9996599158
1.2,2194,99.9996947719
1.2,2237,99.9997268368
1.2,2280,99.9997557709
1.2,2323,99.9997814416
1.2,2366,99.9998046256
1.2,2409,99.9998252528
1.2,2452,99.9998440541
1.2,2495,99.9998611913
1.2,2538,99.9998766880
1.2,2581,99.9998904954
1.2,2624,99.9999028743
1.2,2667,99.9999135926
1.2,2710,99.9999234333
1.2,2753,99.9999325402
1.2,2796,99.9999406943
1.2,2839,99.9999479001
1.2,2882,99.9999543158
1.2,2925,99.9999599337
1.2,2968,99.9999647971
1.2,3011,99.9999689438
1.2,3054,99.9999725307
1.2,3097,99.9999757517
1.2,3140,99.9999786238
1.2,3183,99.9999812568
1.2,3226,99.9999836703
1.2,3269,99.9999857509
1.2,3312,99.9999876135
1.2,3355,99.9999893037
1.2,3398,99.9999908475
1.2,3441,99.9999922190
1.2,3484,99.9999934718
1.2,3527,99.9999945900
1.2,3570,99.9999955675
1.2,3613,99.9999964222
1.2,3656,99.9999971541
1.2,3699,99.9999977768
1.2,3742,99.9999983200
1.2,3785,99.9999987762
1.2,3828,99.9999991471
1.2,3871,99.9999994413
1.2,3914,99.9999996574
1.2,3957,99.9999998150
1.2,4000,99.9999999208
1.2,4043,99.9999999858
1.2,4086,100.0000000000
1.2,4129,100.0000000000
1.2,4172,100.0000000000
1.2,4215,100.0000000000
1.2,4258,100.0000000000
1.2,4301,100.0000000000
1.2,4344,100.0000000000
1.2,4368,100.0000000000
1.25,1,87.4642334840
1.25,44,98.9628859728
1.25,87,99.5676274574
1.25,130,99.7493114905
1.25,173,99.8398944880
1.25,216,99.8801845331
1.25,259,99.9099415260
1.25,302,99.9308977474
1.25,345,99.9458023777
1.25,388,99.9564148645
1.25,431,99.9633746208
1.25,474,99.9687996778
1.25,517,99.9732942632
1.25,560,99.9770772898
1.25,603,99.9801777293
1.25,646,99.9828208921
1.25,689,99.9851348650
1.25,732,99.9870722198
1.25,775,99.9886511300
1.25,818,99.9900288430
1.25,861,99.9912544427
1.25,904,99.9923350621
1.25,947,99.9932935921
1.25,990,99.9940917610
1.25,1033,99.9947764076
1.25,1076,99.9953641858
1.25,1119,99.9958621060
1.25,1162,99.9963035918
1.25,1205,99.9966959694
1.25,1248,99.9970381041
1.25,1291,99.9973361972
1.25,1334,99.9975972769
1.25,1377,99.9978385493
1.25,1420,99.9980623960
1.25,1463,99.9982615740
1.25,1506,99.9984372361
1.25,1549,99.9985915758
1.25,1592,99.9987277565
1.25,1635,99.9988478578
1.25,1678,99.9989545367
1.25,1721,99.9990488725
1.25,1764,99.9991345800
1.25,1807,99.9992125888
1.25,1850,99.9992838685
1.25,1893,99.9993490619
1.25,1936,99.9994087361
1.25,1979,99.9994633961
1.25,2022,99.9995125611
1.25,2065,99.9995579538
1.25,2108,99.9996006807
1.25,2151,99.9996401031
1.25,2194,99.9996766399
1.25,2237,99.9997107350
1.25,2280,99.9997408784
1.25,2323,99.9997676850
1.25,2366,99.9997920700
1.25,2409,99.9998140257
1.25,2452,99.9998343175
1.25,2495,99.9998528681
1.25,2538,99.9998698687
1.25,2581,99.9998851287
1.25,2624,99.9998986491
1.25,2667,99.9999105020
1.25,2710,99.9999210872
1.25,2753,99.9999303156
1.25,2796,99.9999384310
1.25,2839,99.9999457596
1.25,2882,99.9999521877
1.25,2925,99.9999578692
1.25,2968,99.9999628140
1.25,3011,99.9999670315
1.25,3054,99.9999708545
1.25,3097,99.9999743371
1.25,3140,99.9999774250
1.25,3183,99.9999801314
1.25,3226,99.9999825854
1.25,3269,99.9999848002
1.25,3312,99.9999867711
1.25,3355,99.9999885763
1.25,3398,99.9999901956
1.25,3441,99.9999916690
1.25,3484,99.9999930187
1.25,3527,99.9999942015
1.25,3570,99.9999952443
1.25,3613,99.9999961407
1.25,3656,99.9999969222
1.25,3699,99.9999975961
1.25,3742,99.9999981481
1.25,3785,99.9999986179
1.25,3828,99.9999990113
1.25,3871,99.9999993264
1.25,3914,99.9999995700
1.25,3957,99.9999997658
1.25,4000,99.9999998998
1.25,4043,99.9999999778
1.25,4086,100.0000000000
1.25,4129,100.0000000000
1.25,4172,100.0000000000
1.25,4215,100.0000000000
1.25,4258,100.0000000000
1.25,4301,100.0000000000
1.25,4344,100.0000000000
1.25,4368,100.0000000000
1.3,1,85.8972541521
1.3,44,98.9201375255
1.3,87,99.5391834920
1.3,130,99.7303524464
1.3,173,99.8205874953
1.3,216,99.8674254618
1.3,259,99.9015914052
1.3,302,99.9245144801
1.3,345,99.9411644093
1.3,388,99.9524152466
1.3,431,99.9603267466
1.3,474,99.9664515006
1.3,517,99.9715427400
1.3,560,99.9755691380
1.3,603,99.9788692650
1.3,646,99.9816906528
1.3,689,99.9841608359
1.3,732,99.9861564346
1.3,775,99.9878397913
1.3,818,99.9893121647
1.3,861,99.9906290125
1.3,904,99.9917747952
1.3,947,99.9927344450
1.3,990,99.9935664455
1.3,1033,99.9943043960
1.3,1076,99.9949589876
1.3,1119,99.9955153532
1.3,1162,99.9960114762
1.3,1205,99.9964324622
1.3,1248,99.9968051880
1.3,1291,99.9971372067
1.3,1334,99.9974279670
1.3,1377,99.9976849146
1.3,1420,99.9979165616
1.3,1463,99.9981223158
1.3,1506,99.9983106575
1.3,1549,99.9984779947
1.3,1592,99.9986238193
1.3,1635,99.9987524638
1.3,1678,99.9988665139
1.3,1721,99.9989702109
1.3,1764,99.9990651695
1.3,1807,99.9991527223
1.3,1850,99.9992340468
1.3,1893,99.9993073884
1.3,1936,99.9993736479
1.3,1979,99.9994355498
1.3,2022,99.9994922139
1.3,2065,99.9995423900
1.3,2108,99.9995872996
1.3,2151,99.9996281273
1.3,2194,99.9996654654
1.3,2237,99.9996990079
1.3,2280,99.9997297721
1.3,2323,99.9997579317
1.3,2366,99.9997838721
1.3,2409,99.9998075692
1.3,2452,99.9998293107
1.3,2495,99.9998489126
1.3,2538,99.9998661291
1.3,2581,99.9998810513
1.3,2624,99.9998942164
1.3,2667,99.9999061558
1.3,2710,99.9999166466
1.3,2753,99.9999259447
1.3,2796,99.9999343641
1.3,2839,99.9999420524
1.3,2882,99.9999489400
1.3,2925,99.9999549049
1.3,2968,99.9999601431
1.3,3011,99.9999647585
1.3,3054,99.9999688440
1.3,3097,99.9999725234
1.3,3140,99.9999757875
1.3,3183,99.9999786960
1.3,3226,99.9999813265
1.3,3269,99.9999836589
1.3,3312,99.9999857413
1.3,3355,99.9999875619
1.3,3398,99.9999891783
1.3,3441,99.9999907002
1.3,3484,99.9999921093
1.3,3527,99.9999933652
1.3,3570,99.9999944898
1.3,3613,99.9999954914
1.3,3656,99.9999963766
1.3,3699,99.9999971434
1.3,3742,99.9999977856
1.3,3785,99.9999983303
1.3,3828,99.9999987863
1.3,3871,99.9999991411
1.3,3914,99.9999994240
1.3,3957,99.9999996464
1.3,4000,99.9999998162
1.3,4043,99.9999999343
1.3,4086,99.9999999885
1.3,4129,100.0000000000
1.3,4172,100.0000000000
1.3,4215,100.0000000000
1.3,4258,100.0000000000
1.3,4301,100.0000000000
1.3,4344,100.0000000000
1.3,4368,100.0000000000
1.35,1,84.1091104629
1.35,44,98.8520235430
1.35,87,99.4994151135
1.35,130,99.7021453431
1.35,173,99.7973588763
1.35,216,99.8493043202
1.35,259,99.8864908139
1.35,302,99.9120413359
1.35,345,99.9299989231
1.35,388,99.9429848455
1.35,431,99.9530176958
1.35,474,99.9611504476
1.35,517,99.9673970625
1.35,560,99.9719918385
1.35,603,99.9758085489
1.35,646,99.9789688319
1.35,689,99.9816030025
1.35,732,99.9839172512
1.35,775,99.9859050514
1.35,818,99.9875420097
1.35,861,99.9889783476
1.35,904,99.9902463543
1.35,947,99.9913362891
1.35,990,99.9922850591
1.35,1033,99.9931281915
1.35,1076,99.9938758431
1.35,1119,99.9945396766
1.35,1162,99.9951152423
1.35,1205,99.9956113202
1.35,1248,99.9960568800
1.35,1291,99.9964453645
1.35,1334,99.9967891720
1.35,1377,99.9970987127
1.35,1420,99.9973810152
1.35,1463,99.9976287914
1.35,1506,99.9978534003
1.35,1549,99.9980528466
1.35,1592,99.9982342241
1.35,1635,99.9983972305
1.35,1678,99.9985472179
1.35,1721,99.9986829841
1.35,1764,99.9988037015
1.35,1807,99.9989144388
1.35,1850,99.9990161743
1.35,1893,99.9991093295
1.35,1936,99.9991965805
1.35,1979,99.9992765956
1.35,2022,99.9993483832
1.35,2065,99.9994145124
1.35,2108,99.9994732811
1.35,2151,99.9995259611
1.35,2194,99.9995744247
1.35,2237,99.9996184694
1.35,2280,99.9996571954
1.35,2323,99.9996922187
1.35,2366,99.9997241495
1.35,2409,99.9997529296
1.35,2452,99.9997790467
1.35,2495,99.9998024432
1.35,2538,99.9998227398
1.35,2581,99.9998405925
1.35,2624,99.9998570939
1.35,2667,99.9998720913
1.35,2710,99.9998858893
1.35,2753,99.9998984943
1.35,2796,99.9999096690
1.35,2839,99.9999199606
1.35,2882,99.9999294818
1.35,2925,99.9999376227
1.35,2968,99.9999448854
1.35,3011,99.9999511932
1.35,3054,99.9999568725
1.35,3097,99.9999619052
1.35,3140,99.9999664846
1.35,3183,99.9999706672
1.35,3226,99.9999743927
1.35,3269,99.9999776614
1.35,3312,99.9999805423
1.35,3355,99.9999831229
1.35,3398,99.9999854215
1.35,3441,99.9999875220
1.35,3484,99.9999894451
1.35,3527,99.9999910736
1.35,3570,99.9999925275
1.35,3613,99.9999938090
1.35,3656,99.9999948939
1.35,3699,99.9999958375
1.35,3742,99.9999966781
1.35,3785,99.9999974441
1.35,3828,99.9999980924
1.35,3871,99.9999986097
1.35,3914,99.9999990471
1.35,3957,99.9999994050
1.35,4000,99.9999996768
1.35,4043,99.9999998510
1.35,4086,99.9999999531
1.35,4129,99.9999999975
1.35,4172,100.0000000000
1.35,4215,100.0000000000
1.35,4258,100.0000000000
1.35,4301,100.0000000000
1.35,4344,100.0000000000
1.35,4368,100.0000000000
1.4,1,82.0674272071
1.4,44,98.7131867305
1.4,87,99.4203719034
1.4,130,99.6668140070
1.4,173,99.7761908841
1.4,216,99.8378438960
1.4,259,99.8764225817
1.4,302,99.9047380904
1.4,345,99.9244353660
1.4,388,99.9391681109
1.4,431,99.9498219507
1.4,474,99.9576507609
1.4,517,99.9642715666
1.4,560,99.9695419838
1.4,603,99.9737191938
1.4,646,99.9772870474
1.4,689,99.9802402568
1.4,732,99.9827725765
1.4,775,99.9849930807
1.4,818,99.9869323949
1.4,861,99.9884773785
1.4,904,99.9898028641
1.4,947,99.9909845283
1.4,990,99.9920030152
1.4,1033,99.9929158057
1.4,1076,99.9937328888
1.4,1119,99.9944147201
1.4,1162,99.9950146831
1.4,1205,99.9955501140
1.4,1248,99.9960213653
1.4,1291,99.9964441600
1.4,1334,99.9968099878
1.4,1377,99.9971354071
1.4,1420,99.9974241964
1.4,1463,99.9976725466
1.4,1506,99.9978952132
1.4,1549,99.9980937339
1.4,1592,99.9982762824
1.4,1635,99.9984430257
1.4,1678,99.9985921899
1.4,1721,99.9987238274
1.4,1764,99.9988421579
1.4,1807,99.9989477304
1.4,1850,99.9990443939
1.4,1893,99.9991331778
1.4,1936,99.9992138681
1.4,1979,99.9992874850
1.4,2022,99.9993537494
1.4,2065,99.9994147405
1.4,2108,99.9994693321
1.4,2151,99.9995184895
1.4,2194,99.9995641097
1.4,2237,99.9996063731
1.4,2280,99.9996445142
1.4,2323,99.9996785799
1.4,2366,99.9997104031
1.4,2409,99.9997400495
1.4,2452,99.9997674339
1.4,2495,99.9997925041
1.4,2538,99.9998152927
1.4,2581,99.9998359364
1.4,2624,99.9998544957
1.4,2667,99.9998708520
1.4,2710,99.9998855543
1.4,2753,99.9998984104
1.4,2796,99.9999098149
1.4,2839,99.9999197873
1.4,2882,99.9999288780
1.4,2925,99.9999369744
1.4,2968,99.9999441913
1.4,3011,99.9999506838
1.4,3054,99.9999564919
1.4,3097,99.9999615705
1.4,3140,99.9999662012
1.4,3183,99.9999703984
1.4,3226,99.9999740008
1.4,3269,99.9999772640
1.4,3312,99.9999801907
1.4,3355,99.9999828710
1.4,3398,99.9999852649
1.4,3441,99.9999874372
1.4,3484,99.9999893651
1.4,3527,99.9999910051
1.4,3570,99.9999924588
1.4,3613,99.9999937379
1.4,3656,99.9999948762
1.4,3699,99.9999959002
1.4,3742,99.9999968207
1.4,3785,99.9999975877
1.4,3828,99.9999982052
1.4,3871,99.9999987334
1.4,3914,99.9999991731
1.4,3957,99.9999994903
1.4,4000,99.9999997291
1.4,4043,99.9999998872
1.4,4086,99.9999999729
1.4,4129,100.0000000000
1.4,4172,100.0000000000
1.4,4215,100.0000000000
1.4,4258,100.0000000000
1.4,4301,100.0000000000
1.4,4344,100.0000000000
1.4,4368,100.0000000000
1.45,1,79.7361961359
1.45,44,98.6645227542
1.45,87,99.3789181602
1.45,130,99.6406008737
1.45,173,99.7569878960
1.45,216,99.8246701663
1.45,259,99.8691900383
1.45,302,99.8977058157
1.45,345,99.9183266431
1.45,388,99.9347960282
1.45,431,99.9471742159
1.45,474,99.9561884599
1.45,517,99.9630081271
1.45,560,99.9683633198
1.45,603,99.9726937607
1.45,646,99.9763195923
1.45,689,99.9793449314
1.45,732,99.9819286463
1.45,775,99.9841625259
1.45,818,99.9860297971
1.45,861,99.9876208387
1.45,904,99.9890441058
1.45,947,99.9903278395
1.45,990,99.9914541531
1.45,1033,99.9924539208
1.45,1076,99.9933092230
1.45,1119,99.9940629606
1.45,1162,99.9947232724
1.45,1205,99.9952909675
1.45,1248,99.9957796919
1.45,1291,99.9962113027
1.45,1334,99.9965932555
1.45,1377,99.9969389904
1.45,1420,99.9972502751
1.45,1463,99.9975225759
1.45,1506,99.9977605760
1.45,1549,99.9979733157
1.45,1592,99.9981656030
1.45,1635,99.9983358806
1.45,1678,99.9984920467
1.45,1721,99.9986362641
1.45,1764,99.9987663070
1.45,1807,99.9988831374
1.45,1850,99.9989896776
1.45,1893,99.9990863751
1.45,1936,99.9991750456
1.45,1979,99.9992551645
1.45,2022,99.9993258936
1.45,2065,99.9993903367
1.45,2108,99.9994476009
1.45,2151,99.9994991481
1.45,2194,99.9995460253
1.45,2237,99.9995890414
1.45,2280,99.9996291727
1.45,2323,99.9996662380
1.45,2366,99.9997004193
1.45,2409,99.9997315253
1.45,2452,99.9997593003
1.45,2495,99.9997846150
1.45,2538,99.9998073414
1.45,2581,99.9998279289
1.45,2624,99.9998461801
1.45,2667,99.9998622096
1.45,2710,99.9998767532
1.45,2753,99.9998901644
1.45,2796,99.9999022481
1.45,2839,99.9999131399
1.45,2882,99.9999229077
1.45,2925,99.9999316997
1.45,2968,99.9999394521
1.45,3011,99.9999464751
1.45,3054,99.9999529984
1.45,3097,99.9999587924
1.45,3140,99.9999640208
1.45,3183,99.9999686404
1.45,3226,99.9999727397
1.45,3269,99.9999764157
1.45,3312,99.9999795951
1.45,3355,99.9999824675
1.45,3398,99.9999849622
1.45,3441,99.9999872083
1.45,3484,99.9999892070
1.45,3527,99.9999910433
1.45,3570,99.9999926489
1.45,3613,99.9999940687
1.45,3656,99.9999952682
1.45,3699,99.9999963095
1.45,3742,99.9999972086
1.45,3785,99.9999979920
1.45,3828,99.9999986197
1.45,3871,99.9999991114
1.45,3914,99.9999994702
1.45,3957,99.9999997331
1.45,4000,99.9999999115
1.45,4043,99.9999999921
1.45,4086,100.0000000000
1.45,4129,100.0000000000
1.45,4172,100.0000000000
1.45,4215,100.0000000000
1.45,4258,100.0000000000
1.45,4301,100.0000000000
1.45,4344,100.0000000000
1.45,4368,100.0000000000
1.5,1,77.0758512771
1.5,44,98.5232847262
1.5,87,99.2966127375
1.5,130,99.5888934655
1.5,173,99.7217994448
1.5,216,99.7973660299
1.5,259,99.8486579434
1.5,302,99.8814730609
1.5,345,99.9055279397
1.5,388,99.9240319733
1.5,431,99.9380774739
1.5,474,99.9488063398
1.5,517,99.9570438212
1.5,560,99.9631924683
1.5,603,99.9681636791
1.5,646,99.9722933656
1.5,689,99.9758499229
1.5,732,99.9789051214
1.5,775,99.9815550375
1.5,818,99.9838294622
1.5,861,99.9857463906
1.5,904,99.9873718853
1.5,947,99.9887888569
1.5,990,99.9899893274
1.5,1033,99.9910573321
1.5,1076,99.9920037935
1.5,1119,99.9928576988
1.5,1162,99.9936176859
1.5,1205,99.9942821874
1.5,1248,99.9948729107
1.5,1291,99.9954027570
1.5,1334,99.9958670599
1.5,1377,99.9962724477
1.5,1420,99.9966350737
1.5,1463,99.9969641873
1.5,1506,99.9972650793
1.5,1549,99.9975368518
1.5,1592,99.9977796051
1.5,1635,99.9979985319
1.5,1678,99.9981901557
1.5,1721,99.9983614458
1.5,1764,99.9985149830
1.5,1807,99.9986545514
1.5,1850,99.9987768900
1.5,1893,99.9988871236
1.5,1936,99.9989880995
1.5,1979,99.9990809406
1.5,2022,99.9991659408
1.5,2065,99.9992437539
1.5,2108,99.9993139708
1.5,2151,99.9993777586
1.5,2194,99.9994353614
1.5,2237,99.9994877426
1.5,2280,99.9995346788
1.5,2323,99.9995783922
1.5,2366,99.9996194687
1.5,2409,99.9996577297
1.5,2452,99.9996916016
1.5,2495,99.9997227801
1.5,2538,99.9997507662
1.5,2581,99.9997755295
1.5,2624,99.9997981408
1.5,2667,99.9998187196
1.5,2710,99.9998375210
1.5,2753,99.9998544864
1.5,2796,99.9998698985
1.5,2839,99.9998842500
1.5,2882,99.9998975362
1.5,2925,99.9999097453
1.5,2968,99.9999206599
1.5,3011,99.9999303553
1.5,3054,99.9999390879
1.5,3097,99.9999467121
1.5,3140,99.9999534942
1.5,3183,99.9999594811
1.5,3226,99.9999646990
1.5,3269,99.9999692567
1.5,3312,99.9999732977
1.5,3355,99.9999769587
1.5,3398,99.9999801995
1.5,3441,99.9999830337
1.5,3484,99.9999855418
1.5,3527,99.9999878268
1.5,3570,99.9999898427
1.5,3613,99.9999916075
1.5,3656,99.9999931572
1.5,3699,99.9999945253
1.5,3742,99.9999956660
1.5,3785,99.9999966566
1.5,3828,99.9999974880
1.5,3871,99.9999981905
1.5,3914,99.9999987642
1.5,3957,99.9999992195
1.5,4000,99.9999995698
1.5,4043,99.9999998155
1.5,4086,99.9999999592
1.5,4129,100.0000000000
1.5,4172,100.0000000000
1.5,4215,100.0000000000
1.5,4258,100.0000000000
1.5,4301,100.0000000000
1.5,4344,100.0000000000
1.5,4368,100.0000000000
1.55,1,74.0472161815
1.55,44,98.3622407694
1.55,87,99.2072147490
1.55,130,99.5202513989
1.55,173,99.6718570715
1.55,216,99.7636588207
1.55,259,99.8229132661
1.55,302,99.8625599896
1.55,345,99.8916487381
1.55,388,99.9129535003
1.55,431,99.9289498173
1.55,474,99.9412016509
1.55,517,99.9509980344
1.55,560,99.9584535436
1.55,603,99.9642966445
1.55,646,99.9690348698
1.55,689,99.9729439879
1.55,732,99.9763169709
1.55,775,99.9791893946
1.55,818,99.9816905709
1.55,861,99.9838764566
1.55,904,99.9857205730
1.55,947,99.9873294631
1.55,990,99.9887160488
1.55,1033,99.9899571654
1.55,1076,99.9910531214
1.55,1119,99.9920346070
1.55,1162,99.9928987678
1.55,1205,99.9936729012
1.55,1248,99.9943376124
1.55,1291,99.9949200540
1.55,1334,99.9954475485
1.55,1377,99.9959065520
1.55,1420,99.9963034071
1.55,1463,99.9966595006
1.55,1506,99.9969826532
1.55,1549,99.9972748732
1.55,1592,99.9975370269
1.55,1635,99.9977698645
1.55,1678,99.9979820853
1.55,1721,99.9981816084
1.55,1764,99.9983637579
1.55,1807,99.9985215563
1.55,1850,99.9986632779
1.55,1893,99.9987911235
1.55,1936,99.9989077081
1.55,1979,99.9990121198
1.55,2022,99.9991034615
1.55,2065,99.9991876734
1.55,2108,99.9992651379
1.55,2151,99.9993348628
1.55,2194,99.9993962005
1.55,2237,99.9994526318
1.55,2280,99.9995046312
1.55,2323,99.9995521553
1.55,2366,99.9995957965
1.55,2409,99.9996361914
1.55,2452,99.9996731855
1.55,2495,99.9997068920
1.55,2538,99.9997376284
1.55,2581,99.9997647732
1.55,2624,99.9997895290
1.55,2667,99.9998121586
1.55,2710,99.9998327771
1.55,2753,99.9998511989
1.55,2796,99.9998681662
1.55,2839,99.9998836932
1.55,2882,99.9998977920
1.55,2925,99.9999102464
1.55,2968,99.9999212551
1.55,3011,99.9999309575
1.55,3054,99.9999394369
1.55,3097,99.9999471048
1.55,3140,99.9999537833
1.55,3183,99.9999596927
1.55,3226,99.9999649765
1.55,3269,99.9999697429
1.55,3312,99.9999739849
1.55,3355,99.9999777042
1.55,3398,99.9999809868
1.55,3441,99.9999838955
1.55,3484,99.9999864984
1.55,3527,99.9999887891
1.55,3570,99.9999908052
1.55,3613,99.9999926044
1.55,3656,99.9999941782
1.55,3699,99.9999955123
1.55,3742,99.9999966175
1.55,3785,99.9999975494
1.55,3828,99.9999983274
1.55,3871,99.9999989662
1.55,3914,99.9999994320
1.55,3957,99.9999997601
1.55,4000,99.9999999454
1.55,4043,100.0000000000
1.55,4086,100.0000000000
1.55,4129,100.0000000000
1.55,4172,100.0000000000
1.55,4215,100.0000000000
1.55,4258,100.0000000000
1.55,4301,100.0000000000
1.55,4344,100.0000000000
1.55,4368,100.0000000000
1.6,1,70.6186335407
1.6,44,98.2637804606
1.6,87,99.1712862379
1.6,130,99.4932833451
1.6,173,99.6548055206
1.6,216,99.7505158313
1.6,259,99.8132508809
1.6,302,99.8540137616
1.6,345,99.8842108619
1.6,388,99.9070427248
1.6,431,99.9243526195
1.6,474,99.9378404815
1.6,517,99.9481293378
1.6,560,99.9559751141
1.6,603,99.9621916764
1.6,646,99.9673151247
1.6,689,99.9715891040
1.6,732,99.9752398373
1.6,775,99.9785328081
1.6,818,99.9813519367
1.6,861,99.9836720526
1.6,904,99.9856183502
1.6,947,99.9872764841
1.6,990,99.9887352487
1.6,1033,99.9899765801
1.6,1076,99.9910695688
1.6,1119,99.9920324370
1.6,1162,99.9929167459
1.6,1205,99.9936746628
1.6,1248,99.9943491428
1.6,1291,99.9949481370
1.6,1334,99.9954880793
1.6,1377,99.9959743607
1.6,1420,99.9963897835
1.6,1463,99.9967423012
1.6,1506,99.9970550516
1.6,1549,99.9973334494
1.6,1592,99.9975893319
1.6,1635,99.9978211864
1.6,1678,99.9980327896
1.6,1721,99.9982220653
1.6,1764,99.9983920548
1.6,1807,99.9985481719
1.6,1850,99.9986899981
1.6,1893,99.9988181632
1.6,1936,99.9989307114
1.6,1979,99.9990330076
1.6,2022,99.9991276268
1.6,2065,99.9992107946
1.6,2108,99.9992859012
1.6,2151,99.9993546412
1.6,2194,99.9994163888
1.6,2237,99.9994724352
1.6,2280,99.9995244085
1.6,2323,99.9995714061
1.6,2366,99.9996133166
1.6,2409,99.9996519037
1.6,2452,99.9996874696
1.6,2495,99.9997195023
1.6,2538,99.9997491825
1.6,2581,99.9997763288
1.6,2624,99.9998010291
1.6,2667,99.9998234347
1.6,2710,99.9998437179
1.6,2753,99.9998625042
1.6,2796,99.9998797607
1.6,2839,99.9998950789
1.6,2882,99.9999082924
1.6,2925,99.9999196440
1.6,2968,99.9999297434
1.6,3011,99.9999388018
1.6,3054,99.9999467121
1.6,3097,99.9999536995
1.6,3140,99.9999599629
1.6,3183,99.9999654378
1.6,3226,99.9999703472
1.6,3269,99.9999746360
1.6,3312,99.9999785120
1.6,3355,99.9999818491
1.6,3398,99.9999847729
1.6,3441,99.9999873476
1.6,3484,99.9999896013
1.6,3527,99.9999916442
1.6,3570,99.9999934344
1.6,3613,99.9999948835
1.6,3656,99.9999961001
1.6,3699,99.9999971199
1.6,3742,99.9999979532
1.6,3785,99.9999986243
1.6,3828,99.9999991497
1.6,3871,99.9999995286
1.6,3914,99.9999997878
1.6,3957,99.9999999500
1.6,4000,100.0000000000
1.6,4043,100.0000000000
1.6,4086,100.0000000000
1.6,4129,100.0000000000
1.6,4172,100.0000000000
1.6,4215,100.0000000000
1.6,4258,100.0000000000
1.6,4301,100.0000000000
1.6,4344,100.0000000000
1.6,4368,100.0000000000
1.7,1,62.5312936348
1.7,44,98.0758529939
1.7,87,99.0459556513
1.7,130,99.4134743284
1.7,173,99.5962233099
1.7,216,99.7084323234
1.7,259,99.7770350079
1.7,302,99.8262453353
1.7,345,99.8625363078
1.7,388,99.8896296194
1.7,431,99.9097397088
1.7,474,99.9252486165
1.7,517,99.9373160766
1.7,560,99.9470657745
1.7,603,99.9547226923
1.7,646,99.9611421666
1.7,689,99.9664112186
1.7,732,99.9709173741
1.7,775,99.9748330418
1.7,818,99.9781217908
1.7,861,99.9809237433
1.7,904,99.9832920326
1.7,947,99.9852664582
1.7,990,99.9869186477
1.7,1033,99.9883664944
1.7,1076,99.9896594520
1.7,1119,99.9907885201
1.7,1162,99.9917926250
1.7,1205,99.9926586880
1.7,1248,99.9934383562
1.7,1291,99.9941523941
1.7,1334,99.9948009371
1.7,1377,99.9953584223
1.7,1420,99.9958510619
1.7,1463,99.9962693580
1.7,1506,99.9966288522
1.7,1549,99.9969545353
1.7,1592,99.9972420718
1.7,1635,99.9975047531
1.7,1678,99.9977432158
1.7,1721,99.9979526747
1.7,1764,99.9981466900
1.7,1807,99.9983246754
1.7,1850,99.9984844374
1.7,1893,99.9986294235
1.7,1936,99.9987603595
1.7,1979,99.9988786176
1.7,2022,99.9989848719
1.7,2065,99.9990825113
1.7,2108,99.9991714210
1.7,2151,99.9992513939
1.7,2194,99.9993233742
1.7,2237,99.9993873671
1.7,2280,99.9994451676
1.7,2323,99.9994992032
1.7,2366,99.9995477177
1.7,2409,99.9995917840
1.7,2452,99.9996316470
1.7,2495,99.9996673717
1.7,2538,99.9997008901
1.7,2581,99.9997320478
1.7,2624,99.9997610015
1.7,2667,99.9997876422
1.7,2710,99.9998117455
1.7,2753,99.9998335671
1.7,2796,99.9998533611
1.7,2839,99.9998708237
1.7,2882,99.9998866601
1.7,2925,99.9999009378
1.7,2968,99.9999138811
1.7,3011,99.9999253726
1.7,3054,99.9999353118
1.7,3097,99.9999440602
1.7,3140,99.9999518031
1.7,3183,99.9999586252
1.7,3226,99.9999647824
1.7,3269,99.9999702756
1.7,3312,99.9999751254
1.7,3355,99.9999792377
1.7,3398,99.9999827358
1.7,3441,99.9999857856
1.7,3484,99.9999884908
1.7,3527,99.9999908766
1.7,3570,99.9999929204
1.7,3613,99.9999946801
1.7,3656,99.9999961200
1.7,3699,99.9999972435
1.7,3742,99.9999981237
1.7,3785,99.9999988328
1.7,3828,99.9999993995
1.7,3871,99.9999997566
1.7,3914,99.9999999546
1.7,3957,100.0000000000
1.7,4000,100.0000000000
1.7,4043,100.0000000000
1.7,4086,100.0000000000
1.7,4129,100.0000000000
1.7,4172,100.0000000000
1.7,4215,100.0000000000
1.7,4258,100.0000000000
1.7,4301,100.0000000000
1.7,4344,100.0000000000
1.7,4368,100.0000000000
1.8,1,53.1595752749
1.8,44,97.8187782735
1.8,87,98.8417944495
1.8,130,99.2699250959
1.8,173,99.4817117243
1.8,216,99.6153545709
1.8,259,99.7019541379
1.8,302,99.7650713099
1.8,345,99.8130498486
1.8,388,99.8499455256
1.8,431,99.8774162924
1.8,474,99.8987802057
1.8,517,99.9157034870
1.8,560,99.9286666286
1.8,603,99.9392007203
1.8,646,99.9480278782
1.8,689,99.9550882096
1.8,732,99.9605843638
1.8,775,99.9653378449
1.8,818,99.9696382715
1.8,861,99.9735138697
1.8,904,99.9768278679
1.8,947,99.9795178594
1.8,990,99.9819010328
1.8,1033,99.9840357320
1.8,1076,99.9859009555
1.8,1119,99.9874253572
1.8,1162,99.9887041071
1.8,1205,99.9898539723
1.8,1248,99.9908854617
1.8,1291,99.9918282696
1.8,1334,99.9926793424
1.8,1377,99.9934123825
1.8,1420,99.9940848131
1.8,1463,99.9946944372
1.8,1506,99.9952286888
1.8,1549,99.9956965996
1.8,1592,99.9961047991
1.8,1635,99.9964655247
1.8,1678,99.9967945836
1.8,1721,99.9970955151
1.8,1764,99.9973618409
1.8,1807,99.9976039230
1.8,1850,99.9978299774
1.8,1893,99.9980360972
1.8,1936,99.9982183966
1.8,1979,99.9983782639
1.8,2022,99.9985231666
1.8,2065,99.9986564628
1.8,2108,99.9987772399
1.8,2151,99.9988873363
1.8,2194,99.9989893064
1.8,2237,99.9990839385
1.8,2280,99.9991677591
1.8,2323,99.9992454847
1.8,2366,99.9993155294
1.8,2409,99.9993787768
1.8,2452,99.9994367113
1.8,2495,99.9994897772
1.8,2538,99.9995393445
1.8,2581,99.9995861620
1.8,2624,99.9996290869
1.8,2667,99.9996687943
1.8,2710,99.9997055517
1.8,2753,99.9997385229
1.8,2796,99.9997676141
1.8,2839,99.9997938862
1.8,2882,99.9998181228
1.8,2925,99.9998400485
1.8,2968,99.9998599777
1.8,3011,99.9998782296
1.8,3054,99.9998943118
1.8,3097,99.9999086438
1.8,3140,99.9999216467
1.8,3183,99.9999334550
1.8,3226,99.9999437232
1.8,3269,99.9999524402
1.8,3312,99.9999602395
1.8,3355,99.9999670354
1.8,3398,99.9999728985
1.8,3441,99.9999777823
1.8,3484,99.9999818600
1.8,3527,99.9999855040
1.8,3570,99.9999886846
1.8,3613,99.9999913956
1.8,3656,99.9999936450
1.8,3699,99.9999955159
1.8,3742,99.9999970342
1.8,3785,99.9999982314
1.8,3828,99.9999991024
1.8,3871,99.9999996773
1.8,3914,99.9999999429
1.8,3957,100.0000000000
1.8,4000,100.0000000000
1.8,4043,100.0000000000
1.8,4086,100.0000000000
1.8,4129,100.0000000000
1.8,4172,100.0000000000
1.8,4215,100.0000000000
1.8,4258,100.0000000000
1.8,4301,100.0000000000
1.8,4344,100.0000000000
1.8,4368,100.0000000000
1.9,1,43.5406782737
1.9,44,97.6244461293
1.9,87,98.6762166367
1.9,130,99.1372680133
1.9,173,99.3816559079
1.9,216,99.5340212789
1.9,259,99.6415299577
1.9,302,99.7208637062
1.9,345,99.7789123232
1.9,388,99.8223995506
1.9,431,99.8540133615
1.9,474,99.8794251836
1.9,517,99.8988005489
1.9,560,99.9144053062
1.9,603,99.9276660396
1.9,646,99.9385195516
1.9,689,99.9473117482
1.9,732,99.9542210884
1.9,775,99.9603194285
1.9,818,99.9654039722
1.9,861,99.9696692029
1.9,904,99.9734119708
1.9,947,99.9766174544
1.9,990,99.9793422782
1.9,1033,99.9817733868
1.9,1076,99.9839041434
1.9,1119,99.9857509592
1.9,1162,99.9873809082
1.9,1205,99.9888064642
1.9,1248,99.9900244206
1.9,1291,99.9911080077
1.9,1334,99.9920739844
1.9,1377,99.9929400213
1.9,1420,99.9936746320
1.9,1463,99.9943211094
1.9,1506,99.9948745870
1.9,1549,99.9953757823
1.9,1592,99.9958211416
1.9,1635,99.9962140157
1.9,1678,99.9965660515
1.9,1721,99.9968830942
1.9,1764,99.9971768710
1.9,1807,99.9974438049
1.9,1850,99.9976835617
1.9,1893,99.9978994552
1.9,1936,99.9980921273
1.9,1979,99.9982639211
1.9,2022,99.9984203839
1.9,2065,99.9985660277
1.9,2108,99.9986983516
1.9,2151,99.9988207988
1.9,2194,99.9989328969
1.9,2237,99.9990349940
1.9,2280,99.9991270289
1.9,2323,99.9992089911
1.9,2366,99.9992828292
1.9,2409,99.9993513243
1.9,2452,99.9994150614
1.9,2495,99.9994753969
1.9,2538,99.9995305756
1.9,2581,99.9995806830
1.9,2624,99.9996271896
1.9,2667,99.9996696704
1.9,2710,99.9997081184
1.9,2753,99.9997427957
1.9,2796,99.9997742010
1.9,2839,99.9998024532
1.9,2882,99.9998283064
1.9,2925,99.9998516601
1.9,2968,99.9998724381
1.9,3011,99.9998913092
1.9,3054,99.9999082240
1.9,3097,99.9999234218
1.9,3140,99.9999363456
1.9,3183,99.9999474640
1.9,3226,99.9999570234
1.9,3269,99.9999651973
1.9,3312,99.9999719477
1.9,3355,99.9999777747
1.9,3398,99.9999828137
1.9,3441,99.9999871507
1.9,3484,99.9999906526
1.9,3527,99.9999935874
1.9,3570,99.9999959394
1.9,3613,99.9999977006
1.9,3656,99.9999990035
1.9,3699,99.9999997965
1.9,3742,100.0000000000
1.9,3785,100.0000000000
1.9,3828,100.0000000000
1.9,3871,100.0000000000
1.9,3914,100.0000000000
1.9,3957,100.0000000000
1.9,4000,100.0000000000
1.9,4043,100.0000000000
1.9,4086,100.0000000000
1.9,4129,100.0000000000
1.9,4172,100.0000000000
1.9,4215,100.0000000000
1.9,4258,100.0000000000
1.9,4301,100.0000000000
1.9,4344,100.0000000000
1.9,4368,100.0000000000
2.0,1,34.9254549210
2.0,44,97.4331448903
2.0,87,98.5093961238
2.0,130,98.9756151018
2.0,173,99.2612955839
2.0,216,99.4426854477
2.0,259,99.5714142723
2.0,302,99.6645113814
2.0,345,99.7333126455
2.0,388,99.7830844551
2.0,431,99.8222911781
2.0,474,99.8522695771
2.0,517,99.8756997615
2.0,560,99.8956919501
2.0,603,99.9125724414
2.0,646,99.9262662109
2.0,689,99.9372191676
2.0,732,99.9461629522
2.0,775,99.9534225277
2.0,818,99.9595527196
2.0,861,99.9647096588
2.0,904,99.9691718572
2.0,947,99.9729997592
2.0,990,99.9762463372
2.0,1033,99.9790771846
2.0,1076,99.9815480821
2.0,1119,99.9836629688
2.0,1162,99.9855683660
2.0,1205,99.9872010150
2.0,1248,99.9886164480
2.0,1291,99.9898297279
2.0,1334,99.9909033342
2.0,1377,99.9918664340
2.0,1420,99.9926817939
2.0,1463,99.9934130641
2.0,1506,99.9940653827
2.0,1549,99.9946394890
2.0,1592,99.9951424738
2.0,1635,99.9955773653
2.0,1678,99.9959686865
2.0,1721,99.9963238246
2.0,1764,99.9966535646
2.0,1807,99.9969554282
2.0,1850,99.9972256562
2.0,1893,99.9974702903
2.0,1936,99.9976927584
2.0,1979,99.9978964362
2.0,2022,99.9980829528
2.0,2065,99.9982526022
2.0,2108,99.9984048696
2.0,2151,99.9985459730
2.0,2194,99.9986775254
2.0,2237,99.9987964724
2.0,2280,99.9989051650
2.0,2323,99.9990061216
2.0,2366,99.9990995429
2.0,2409,99.9991866089
2.0,2452,99.9992665298
2.0,2495,99.9993391362
2.0,2538,99.9994047596
2.0,2581,99.9994657142
2.0,2624,99.9995211091
2.0,2667,99.9995719238
2.0,2710,99.9996197148
2.0,2753,99.9996631318
2.0,2796,99.9997020711
2.0,2839,99.9997365089
2.0,2882,99.9997683933
2.0,2925,99.9997982851
2.0,2968,99.9998252273
2.0,3011,99.9998490066
2.0,3054,99.9998704312
2.0,3097,99.9998893036
2.0,3140,99.9999063106
2.0,3183,99.9999211916
2.0,3226,99.9999336531
2.0,3269,99.9999443060
2.0,3312,99.9999536938
2.0,3355,99.9999621052
2.0,3398,99.9999693715
2.0,3441,99.9999758588
2.0,3484,99.9999812748
2.0,3527,99.9999857373
2.0,3570,99.9999894174
2.0,3613,99.9999924843
2.0,3656,99.9999951042
2.0,3699,99.9999971741
2.0,3742,99.9999986828
2.0,3785,99.9999995855
2.0,3828,99.9999999593
2.0,3871,100.0000000000
2.0,3914,100.0000000000
2.0,3957,100.0000000000
2.0,4000,100.0000000000
2.0,4043,100.0000000000
2.0,4086,100.0000000000
2.0,4129,100.0000000000
2.0,4172,100.0000000000
2.0,4215,100.0000000000
2.0,4258,100.0000000000
2.0,4301,100.0000000000
2.0,4344,100.0000000000
2.0,4368,100.0000000000
2.1,1,28.0379081040
2.1,44,97.2052552133
2.1,87,98.3457975909
2.1,130,98.8402538125
2.1,173,99.1500848604
2.1,216,99.3567702593
2.1,259,99.5023271805
2.1,302,99.6072348042
2.1,345,99.6839899949
2.1,388,99.7443629114
2.1,431,99.7874515435
2.1,474,99.8220835067
2.1,517,99.8497101413
2.1,560,99.8734322973
2.1,603,99.8937910023
2.1,646,99.9106002208
2.1,689,99.9238231286
2.1,732,99.9347480886
2.1,775,99.9437246327
2.1,818,99.9512108139
2.1,861,99.9576414276
2.1,904,99.9633105781
2.1,947,99.9682192714
2.1,990,99.9722456506
2.1,1033,99.9756559600
2.1,1076,99.9785895726
2.1,1119,99.9809380968
2.1,1162,99.9829897939
2.1,1205,99.9848587697
2.1,1248,99.9865116928
2.1,1291,99.9879563214
2.1,1334,99.9892156621
2.1,1377,99.9903350138
2.1,1420,99.9913427712
2.1,1463,99.9921881483
2.1,1506,99.9929477294
2.1,1549,99.9936431478
2.1,1592,99.9942689277
2.1,1635,99.9948173187
2.1,1678,99.9952882903
2.1,1721,99.9957214312
2.1,1764,99.9961109214
2.1,1807,99.9964596310
2.1,1850,99.9967731116
2.1,1893,99.9970640101
2.1,1936,99.9973285336
2.1,1979,99.9975656781
2.1,2022,99.9977761265
2.1,2065,99.9979702911
2.1,2108,99.9981508036
2.1,2151,99.9983161382
2.1,2194,99.9984688390
2.1,2237,99.9986105052
2.1,2280,99.9987419216
2.1,2323,99.9988609300
2.1,2366,99.9989699549
2.1,2409,99.9990720934
2.1,2452,99.9991648046
2.1,2495,99.9992481651
2.1,2538,99.9993257901
2.1,2581,99.9993981845
2.1,2624,99.9994649802
2.1,2667,99.9995240066
2.1,2710,99.9995770413
2.1,2753,99.9996261777
2.1,2796,99.9996719910
2.1,2839,99.9997141170
2.1,2882,99.9997504976
2.1,2925,99.9997832464
2.1,2968,99.9998134386
2.1,3011,99.9998406298
2.1,3054,99.9998652152
2.1,3097,99.9998867872
2.1,3140,99.9999052553
2.1,3183,99.9999217835
2.1,3226,99.9999361292
2.1,3269,99.9999486660
2.1,3312,99.9999591136
2.1,3355,99.9999682044
2.1,3398,99.9999760103
2.1,3441,99.9999822404
2.1,3484,99.9999872568
2.1,3527,99.9999910802
2.1,3570,99.9999941155
2.1,3613,99.9999965992
2.1,3656,99.9999984715
2.1,3699,99.9999995862
2.1,3742,100.0000000000
2.1,3785,100.0000000000
2.1,3828,100.0000000000
2.1,3871,100.0000000000
2.1,3914,100.0000000000
2.1,3957,100.0000000000
2.1,4000,100.0000000000
2.1,4043,100.0000000000
2.1,4086,100.0000000000
2.1,4129,100.0000000000
2.1,4172,100.0000000000
2.1,4215,100.0000000000
2.1,4258,100.0000000000
2.1,4301,100.0000000000
2.1,4344,100.0000000000
2.1,4368,100.0000000000
2.2,1,22.9151903850
2.2,44,97.1520157002
2.2,87,98.2358146734
2.2,130,98.7675015397
2.2,173,99.0970509991
2.2,216,99.3235195586
2.2,259,99.4792435077
2.2,302,99.5953594391
2.2,345,99.6759235667
2.2,388,99.7349238286
2.2,431,99.7790855563
2.2,474,99.8155440508
2.2,517,99.8451352519
2.2,560,99.8704334016
2.2,603,99.8915378932
2.2,646,99.9089181004
2.2,689,99.9232891526
2.2,732,99.9355091477
2.2,775,99.9457468786
2.2,818,99.9538627569
2.2,861,99.9608105644
2.2,904,99.9666604829
2.2,947,99.9713723010
2.2,990,99.9750961815
2.2,1033,99.9781822689
2.2,1076,99.9808466796
2.2,1119,99.9830787143
2.2,1162,99.9850469292
2.2,1205,99.9867482621
2.2,1248,99.9881408528
2.2,1291,99.9893415966
2.2,1334,99.9904143890
2.2,1377,99.9913418680
2.2,1420,99.9921328318
2.2,1463,99.9928325727
2.2,1506,99.9934674687
2.2,1549,99.9940388993
2.2,1592,99.9945601995
2.2,1635,99.9950393284
2.2,1678,99.9954744691
2.2,1721,99.9958737244
2.2,1764,99.9962389971
2.2,1807,99.9965663409
2.2,1850,99.9968653865
2.2,1893,99.9971373202
2.2,1936,99.9973858244
2.2,1979,99.9976135349
2.2,2022,99.9978234434
2.2,2065,99.9980180202
2.2,2108,99.9982001434
2.2,2151,99.9983662349
2.2,2194,99.9985154458
2.2,2237,99.9986544388
2.2,2280,99.9987830631
2.2,2323,99.9989013312
2.2,2366,99.9990092688
2.2,2409,99.9991082166
2.2,2452,99.9992007628
2.2,2495,99.9992857698
2.2,2538,99.9993622969
2.2,2581,99.9994318500
2.2,2624,99.9994956968
2.2,2667,99.9995550601
2.2,2710,99.9996100451
2.2,2753,99.9996601179
2.2,2796,99.9997047686
2.2,2839,99.9997441832
2.2,2882,99.9997785739
2.2,2925,99.9998096196
2.2,2968,99.9998374603
2.2,3011,99.9998616676
2.2,3054,99.9998830951
2.2,3097,99.9999017213
2.2,3140,99.9999184222
2.2,3183,99.9999333067
2.2,3226,99.9999460372
2.2,3269,99.9999569624
2.2,3312,99.9999665536
2.2,3355,99.9999745080
2.2,3398,99.9999812185
2.2,3441,99.9999867598
2.2,3484,99.9999912133
2.2,3527,99.9999945987
2.2,3570,99.9999971282
2.2,3613,99.9999987563
2.2,3656,99.9999996762
2.2,3699,100.0000000000
2.2,3742,100.0000000000
2.2,3785,100.0000000000
2.2,3828,100.0000000000
2.2,3871,100.0000000000
2.2,3914,100.0000000000
2.2,3957,100.0000000000
2.2,4000,100.0000000000
2.2,4043,100.0000000000
2.2,4086,100.0000000000
2.2,4129,100.0000000000
2.2,4172,100.0000000000
2.2,4215,100.0000000000
2.2,4258,100.0000000000
2.2,4301,100.0000000000
2.2,4344,100.0000000000
2.2,4368,100.0000000000
2.3,1,19.2135224189
2.3,44,97.0718134975
2.3,87,98.1384204980
2.3,130,98.7049116817
2.3,173,99.0577330161
2.3,216,99.2829502593
2.3,259,99.4468827358
2.3,302,99.5737697827
2.3,345,99.6583527307
2.3,388,99.7186249746
2.3,431,99.7658581593
2.3,474,99.8045208488
2.3,517,99.8363009459
2.3,560,99.8634512512
2.3,603,99.8867108257
2.3,646,99.9058817591
2.3,689,99.9209835272
2.3,732,99.9336796594
2.3,775,99.9442853077
2.3,818,99.9529888919
2.3,861,99.9601942650
2.3,904,99.9658438806
2.3,947,99.9703768889
2.3,990,99.9741116490
2.3,1033,99.9773121321
2.3,1076,99.9801349495
2.3,1119,99.9825172482
2.3,1162,99.9844214773
2.3,1205,99.9860915351
2.3,1248,99.9875336481
2.3,1291,99.9887962787
2.3,1334,99.9899281125
2.3,1377,99.9909032545
2.3,1420,99.9917520193
2.3,1463,99.9925034322
2.3,1506,99.9931899245
2.3,1549,99.9938055287
2.3,1592,99.9943616014
2.3,1635,99.9948651927
2.3,1678,99.9953200244
2.3,1721,99.9957235407
2.3,1764,99.9960924696
2.3,1807,99.9964297129
2.3,1850,99.9967310017
2.3,1893,99.9970090073
2.3,1936,99.9972667995
2.3,1979,99.9974993430
2.3,2022,99.9977145921
2.3,2065,99.9979168233
2.3,2108,99.9981030192
2.3,2151,99.9982736557
2.3,2194,99.9984270067
2.3,2237,99.9985699307
2.3,2280,99.9987061926
2.3,2323,99.9988328838
2.3,2366,99.9989478199
2.3,2409,99.9990526571
2.3,2452,99.9991493708
2.3,2495,99.9992379096
2.3,2538,99.9993176147
2.3,2581,99.9993917044
2.3,2624,99.9994585710
2.3,2667,99.9995200951
2.3,2710,99.9995769553
2.3,2753,99.9996297377
2.3,2796,99.9996781892
2.3,2839,99.9997210585
2.3,2882,99.9997602239
2.3,2925,99.9997949960
2.3,2968,99.9998254739
2.3,3011,99.9998524170
2.3,3054,99.9998759063
2.3,3097,99.9998960942
2.3,3140,99.9999135801
2.3,3183,99.9999284613
2.3,3226,99.9999413006
2.3,3269,99.9999528853
2.3,3312,99.9999629054
2.3,3355,99.9999713211
2.3,3398,99.9999782951
2.3,3441,99.9999841195
2.3,3484,99.9999888136
2.3,3527,99.9999925766
2.3,3570,99.9999955903
2.3,3613,99.9999978739
2.3,3656,99.9999993662
2.3,3699,99.9999999543
2.3,3742,100.0000000000
2.3,3785,100.0000000000
2.3,3828,100.0000000000
2.3,3871,100.0000000000
2.3,3914,100.0000000000
2.3,3957,100.0000000000
2.3,4000,100.0000000000
2.3,4043,100.0000000000
2.3,4086,100.0000000000
2.3,4129,100.0000000000
2.3,4172,100.0000000000
2.3,4215,100.0000000000
2.3,4258,100.0000000000
2.3,4301,100.0000000000
2.3,4344,100.0000000000
2.3,4368,100.0000000000
2.4,1,16.5574057315
2.4,44,96.9640477918
2.4,87,97.9620898801
2.4,130,98.5571416816
2.4,173,98.9289490888
2.4,216,99.1720930178
2.4,259,99.3520889258
2.4,302,99.4926584644
2.4,345,99.5924302220
2.4,388,99.6669487320
2.4,431,99.7256029461
2.4,474,99.7712454296
2.4,517,99.8063949521
2.4,560,99.8359871537
2.4,603,99.8610688555
2.4,646,99.8823150003
2.4,689,99.9004032597
2.4,732,99.9158696360
2.4,775,99.9292167216
2.4,818,99.9405058280
2.4,861,99.9495146375
2.4,904,99.9569224593
2.4,947,99.9632456017
2.4,990,99.9683514235
2.4,1033,99.9723997942
2.4,1076,99.9760042463
2.4,1119,99.9790980401
2.4,1162,99.9815669597
2.4,1205,99.9834861620
2.4,1248,99.9851762935
2.4,1291,99.9866656938
2.4,1334,99.9879555358
2.4,1377,99.9891102848
2.4,1420,99.9901275660
2.4,1463,99.9910323991
2.4,1506,99.9918285169
2.4,1549,99.9925314135
2.4,1592,99.9931609603
2.4,1635,99.9937308626
2.4,1678,99.9942475138
2.4,1721,99.9947145578
2.4,1764,99.9951390356
2.4,1807,99.9955305558
2.4,1850,99.9958905617
2.4,1893,99.9962178741
2.4,1936,99.9965190829
2.4,1979,99.9967972183
2.4,2022,99.9970517532
2.4,2065,99.9972834116
2.4,2108,99.9975001786
2.4,2151,99.9977007341
2.4,2194,99.9978889565
2.4,2237,99.9980673644
2.4,2280,99.9982355274
2.4,2323,99.9983935427
2.4,2366,99.9985415841
2.4,2409,99.9986805784
2.4,2452,99.9988119941
2.4,2495,99.9989338892
2.4,2538,99.9990471424
2.4,2581,99.9991492878
2.4,2624,99.9992422991
2.4,2667,99.9993283604
2.4,2710,99.9994055770
2.4,2753,99.9994744289
2.4,2796,99.9995348342
2.4,2839,99.9995879049
2.4,2882,99.9996347912
2.4,2925,99.9996771924
2.4,2968,99.9997164596
2.4,3011,99.9997526152
2.4,3054,99.9997855259
2.4,3097,99.9998147018
2.4,3140,99.9998400186
2.4,3183,99.9998625388
2.4,3226,99.9998825619
2.4,3269,99.9999006040
2.4,3312,99.9999167228
2.4,3355,99.9999313246
2.4,3398,99.9999442467
2.4,3441,99.9999555736
2.4,3484,99.9999657613
2.4,3527,99.9999741322
2.4,3570,99.9999809572
2.4,3613,99.9999868187
2.4,3656,99.9999914805
2.4,3699,99.9999950802
2.4,3742,99.9999976877
2.4,3785,99.9999994045
2.4,3828,99.9999999896
2.4,3871,100.0000000000
2.4,3914,100.0000000000
2.4,3957,100.0000000000
2.4,4000,100.0000000000
2.4,4043,100.0000000000
2.4,4086,100.0000000000
2.4,4129,100.0000000000
2.4,4172,100.0000000000
2.4,4215,100.0000000000
2.4,4258,100.0000000000
2.4,4301,100.0000000000
2.4,4344,100.0000000000
2.4,4368,100.0000000000
2.5,1,14.6192824490
2.5,44,97.0337134374
2.5,87,97.9490893727
2.5,130,98.5609252965
2.5,173,98.9208329577
2.5,216,99.1609463141
2.5,259,99.3405108242
2.5,302,99.4830924707
2.5,345,99.5904046009
2.5,388,99.6689407238
2.5,431,99.7280024189
2.5,474,99.7719482781
2.5,517,99.8070582941
2.5,560,99.8364476582
2.5,603,99.8616417851
2.5,646,99.8831845623
2.5,689,99.9014795482
2.5,732,99.9173440787
2.5,775,99.9308691026
2.5,818,99.9416940740
2.5,861,99.9505510699
2.5,904,99.9579378155
2.5,947,99.9644149697
2.5,990,99.9700932632
2.5,1033,99.9747790715
2.5,1076,99.9785342297
2.5,1119,99.9813167054
2.5,1162,99.9834435245
2.5,1205,99.9852214683
2.5,1248,99.9867541244
2.5,1291,99.9880529440
2.5,1334,99.9892028680
2.5,1377,99.9902314913
2.5,1420,99.9911323167
2.5,1463,99.9919323002
2.5,1506,99.9926332653
2.5,1549,99.9932563904
2.5,1592,99.9938175701
2.5,1635,99.9943065223
2.5,1678,99.9947488664
2.5,1721,99.9951487529
2.5,1764,99.9955154551
2.5,1807,99.9958579973
2.5,1850,99.9961779260
2.5,1893,99.9964773221
2.5,1936,99.9967576648
2.5,1979,99.9970211193
2.5,2022,99.9972657144
2.5,2065,99.9974913887
2.5,2108,99.9977030029
2.5,2151,99.9979013924
2.5,2194,99.9980880180
2.5,2237,99.9982619266
2.5,2280,99.9984233643
2.5,2323,99.9985745046
2.5,2366,99.9987151448
2.5,2409,99.9988457970
2.5,2452,99.9989654724
2.5,2495,99.9990751561
2.5,2538,99.9991742947
2.5,2581,99.9992644646
2.5,2624,99.9993470217
2.5,2667,99.9994225431
2.5,2710,99.9994923975
2.5,2753,99.9995541319
2.5,2796,99.9996097410
2.5,2839,99.9996590178
2.5,2882,99.9997037295
2.5,2925,99.9997441953
2.5,2968,99.9997811207
2.5,3011,99.9998137917
2.5,3054,99.9998422054
2.5,3097,99.9998664320
2.5,3140,99.9998876100
2.5,3183,99.9999063551
2.5,3226,99.9999230541
2.5,3269,99.9999377492
2.5,3312,99.9999504703
2.5,3355,99.9999616384
2.5,3398,99.9999711973
2.5,3441,99.9999792000
2.5,3484,99.9999856975
2.5,3527,99.9999907810
2.5,3570,99.9999947299
2.5,3613,99.9999976336
2.5,3656,99.9999994881
2.5,3699,99.9999999901
2.5,3742,100.0000000000
2.5,3785,100.0000000000
2.5,3828,100.0000000000
2.5,3871,100.0000000000
2.5,3914,100.0000000000
2.5,3957,100.0000000000
2.5,4000,100.0000000000
2.5,4043,100.0000000000
2.5,4086,100.0000000000
2.5,4129,100.0000000000
2.5,4172,100.0000000000
2.5,4215,100.0000000000
2.5,4258,100.0000000000
2.5,4301,100.0000000000
2.5,4344,100.0000000000
2.5,4368,100.0000000000
2.6,1,13.2007608998
2.6,44,97.0427598071
2.6,87,97.9243462455
2.6,130,98.5262674990
2.6,173,98.8951530439
2.6,216,99.1461493335
2.6,259,99.3255741721
2.6,302,99.4646591815
2.6,345,99.5764325698
2.6,388,99.6594663206
2.6,431,99.7214790440
2.6,474,99.7655779813
2.6,517,99.8009081900
2.6,560,99.8308304583
2.6,603,99.8570908818
2.6,646,99.8799916349
2.6,689,99.8990611611
2.6,732,99.9149463138
2.6,775,99.9282597787
2.6,818,99.9393301087
2.6,861,99.9485956757
2.6,904,99.9565906010
2.6,947,99.9633401543
2.6,990,99.9691603182
2.6,1033,99.9742384450
2.6,1076,99.9782376104
2.6,1119,99.9808984974
2.6,1162,99.9830036509
2.6,1205,99.9847622855
2.6,1248,99.9862810294
2.6,1291,99.9875490859
2.6,1334,99.9886880853
2.6,1377,99.9897058287
2.6,1420,99.9906328333
2.6,1463,99.9914495616
2.6,1506,99.9921754543
2.6,1549,99.9928171414
2.6,1592,99.9933827506
2.6,1635,99.9938833815
2.6,1678,99.9943395298
2.6,1721,99.9947574841
2.6,1764,99.9951445303
2.6,1807,99.9955023794
2.6,1850,99.9958377831
2.6,1893,99.9961487492
2.6,1936,99.9964407693
2.6,1979,99.9967118025
2.6,2022,99.9969620495
2.6,2065,99.9971968759
2.6,2108,99.9974169402
2.6,2151,99.9976247279
2.6,2194,99.9978206657
2.6,2237,99.9980059932
2.6,2280,99.9981797870
2.6,2323,99.9983448117
2.6,2366,99.9984993559
2.6,2409,99.9986414031
2.6,2452,99.9987719427
2.6,2495,99.9988925308
2.6,2538,99.9990025857
2.6,2581,99.9991022118
2.6,2624,99.9991923085
2.6,2667,99.9992750676
2.6,2710,99.9993507300
2.6,2753,99.9994196404
2.6,2796,99.9994821361
2.6,2839,99.9995374761
2.6,2882,99.9995884953
2.6,2925,99.9996354510
2.6,2968,99.9996786753
2.6,3011,99.9997175781
2.6,3054,99.9997517672
2.6,3097,99.9997822204
2.6,3140,99.9998094141
2.6,3183,99.9998331162
2.6,3226,99.9998544938
2.6,3269,99.9998738206
2.6,3312,99.9998915224
2.6,3355,99.9999075314
2.6,3398,99.9999213944
2.6,3441,99.9999337496
2.6,3484,99.9999448005
2.6,3527,99.9999549804
2.6,3570,99.9999641000
2.6,3613,99.9999719320
2.6,3656,99.9999782577
2.6,3699,99.9999834623
2.6,3742,99.9999878524
2.6,3785,99.9999915061
2.6,3828,99.9999944952
2.6,3871,99.9999968526
2.6,3914,99.9999984790
2.6,3957,99.9999992840
2.6,4000,99.9999997268
2.6,4043,99.9999999703
2.6,4086,100.0000000000
2.6,4129,100.0000000000
2.6,4172,100.0000000000
2.6,4215,100.0000000000
2.6,4258,100.0000000000
2.6,4301,100.0000000000
2.6,4344,100.0000000000
2.6,4368,100.0000000000
2.7,1,12.0992612827
2.7,44,97.0422035634
2.7,87,97.9207920458
2.7,130,98.5028713061
2.7,173,98.8762426120
2.7,216,99.1360026442
2.7,259,99.3187776989
2.7,302,99.4543779796
2.7,345,99.5677417824
2.7,388,99.6529975929
2.7,431,99.7178296144
2.7,474,99.7626499780
2.7,517,99.7976116136
2.7,560,99.8276877873
2.7,603,99.8548169642
2.7,646,99.8790968635
2.7,689,99.8982862181
2.7,732,99.9143037473
2.7,775,99.9275150133
2.7,818,99.9385342564
2.7,861,99.9481917141
2.7,904,99.9566604561
2.7,947,99.9637342682
2.7,990,99.9695603655
2.7,1033,99.9745987157
2.7,1076,99.9786831959
2.7,1119,99.9813396337
2.7,1162,99.9833813026
2.7,1205,99.9851247266
2.7,1248,99.9865852621
2.7,1291,99.9878343595
2.7,1334,99.9889449285
2.7,1377,99.9899442646
2.7,1420,99.9908565979
2.7,1463,99.9916805105
2.7,1506,99.9924158989
2.7,1549,99.9930540395
2.7,1592,99.9936158713
2.7,1635,99.9941096700
2.7,1678,99.9945639121
2.7,1721,99.9949776008
2.7,1764,99.9953618687
2.7,1807,99.9957186490
2.7,1850,99.9960504732
2.7,1893,99.9963547719
2.7,1936,99.9966355750
2.7,1979,99.9968974535
2.7,2022,99.9971462546
2.7,2065,99.9973736441
2.7,2108,99.9975903344
2.7,2151,99.9977954124
2.7,2194,99.9979879902
2.7,2237,99.9981701960
2.7,2280,99.9983425803
2.7,2323,99.9985030749
2.7,2366,99.9986530089
2.7,2409,99.9987896018
2.7,2452,99.9989172739
2.7,2495,99.9990343718
2.7,2538,99.9991372095
2.7,2581,99.9992298206
2.7,2624,99.9993150046
2.7,2667,99.9993928211
2.7,2710,99.9994635799
2.7,2753,99.9995266224
2.7,2796,99.9995848699
2.7,2839,99.9996379754
2.7,2882,99.9996860662
2.7,2925,99.9997296424
2.7,2968,99.9997681018
2.7,3011,99.9998009006
2.7,3054,99.9998297778
2.7,3097,99.9998545086
2.7,3140,99.9998766624
2.7,3183,99.9998969515
2.7,3226,99.9999148159
2.7,3269,99.9999302023
2.7,3312,99.9999433989
2.7,3355,99.9999549441
2.7,3398,99.9999652462
2.7,3441,99.9999740602
2.7,3484,99.9999813660
2.7,3527,99.9999871192
2.7,3570,99.9999918750
2.7,3613,99.9999956120
2.7,3656,99.9999983795
2.7,3699,99.9999997449
2.7,3742,100.0000000000
2.7,3785,100.0000000000
2.7,3828,100.0000000000
2.7,3871,100.0000000000
2.7,3914,100.0000000000
2.7,3957,100.0000000000
2.7,4000,100.0000000000
2.7,4043,100.0000000000
2.7,4086,100.0000000000
2.7,4129,100.0000000000
2.7,4172,100.0000000000
2.7,4215,100.0000000000
2.7,4258,100.0000000000
2.7,4301,100.0000000000
2.7,4344,100.0000000000
2.7,4368,100.0000000000
2.8,1,11.2798751984
2.8,44,97.0457375738
2.8,87,97.9254688523
2.8,130,98.4855646463
2.8,173,98.8611055291
2.8,216,99.1286630623
2.8,259,99.3147141117
2.8,302,99.4495108860
2.8,345,99.5604850500
2.8,388,99.6467925178
2.8,431,99.7143967720
2.8,474,99.7596249340
2.8,517,99.7948432493
2.8,560,99.8252510847
2.8,603,99.8528785852
2.8,646,99.8776347695
2.8,689,99.8975080339
2.8,732,99.9133831443
2.8,775,99.9265363442
2.8,818,99.9378003240
2.8,861,99.9476881271
2.8,904,99.9563677444
2.8,947,99.9636236711
2.8,990,99.9695854952
2.8,1033,99.9744440196
2.8,1076,99.9785348901
2.8,1119,99.9812068495
2.8,1162,99.9832190899
2.8,1205,99.9849156047
2.8,1248,99.9863410000
2.8,1291,99.9875924920
2.8,1334,99.9886981807
2.8,1377,99.9896874098
2.8,1420,99.9905907288
2.8,1463,99.9914036261
2.8,1506,99.9921433382
2.8,1549,99.9927917944
2.8,1592,99.9933550298
2.8,1635,99.9938599916
2.8,1678,99.9943206006
2.8,1721,99.9947404091
2.8,1764,99.9951334670
2.8,1807,99.9954943934
2.8,1850,99.9958285618
2.8,1893,99.9961358657
2.8,1936,99.9964217530
2.8,1979,99.9966891206
2.8,2022,99.9969393964
2.8,2065,99.9971756062
2.8,2108,99.9973999237
2.8,2151,99.9976133118
2.8,2194,99.9978122774
2.8,2237,99.9979997277
2.8,2280,99.9981758876
2.8,2323,99.9983414352
2.8,2366,99.9984982417
2.8,2409,99.9986421699
2.8,2452,99.9987761862
2.8,2495,99.9989001598
2.8,2538,99.9990107755
2.8,2581,99.9991096719
2.8,2624,99.9992001191
2.8,2667,99.9992828372
2.8,2710,99.9993587833
2.8,2753,99.9994262735
2.8,2796,99.9994873805
2.8,2839,99.9995445606
2.8,2882,99.9995975443
2.8,2925,99.9996454566
2.8,2968,99.9996873437
2.8,3011,99.9997242409
2.8,3054,99.9997578131
2.8,3097,99.9997876349
2.8,3140,99.9998138754
2.8,3183,99.9998371060
2.8,3226,99.9998584022
2.8,3269,99.9998776200
2.8,3312,99.9998952412
2.8,3355,99.9999108845
2.8,3398,99.9999246948
2.8,3441,99.9999370614
2.8,3484,99.9999481012
2.8,3527,99.9999579950
2.8,3570,99.9999669011
2.8,3613,99.9999744404
2.8,3656,99.9999807108
2.8,3699,99.9999858242
2.8,3742,99.9999900236
2.8,3785,99.9999934639
2.8,3828,99.9999961510
2.8,3871,99.9999979904
2.8,3914,99.9999991920
2.8,3957,99.9999997617
2.8,4000,99.9999999910
2.8,4043,100.0000000000
2.8,4086,100.0000000000
2.8,4129,100.0000000000
2.8,4172,100.0000000000
2.8,4215,100.0000000000
2.8,4258,100.0000000000
2.8,4301,100.0000000000
2.8,4344,100.0000000000
2.8,4368,100.0000000000
2.9,1,10.6321916102
2.9,44,97.0583952146
2.9,87,97.9336170289
2.9,130,98.4745656257
2.9,173,98.8503872056
2.9,216,99.1238319752
2.9,259,99.3128861633
2.9,302,99.4490752416
2.9,345,99.5581218936
2.9,388,99.6423098633
2.9,431,99.7121055118
2.9,474,99.7576498188
2.9,517,99.7931681418
2.9,560,99.8240549400
2.9,603,99.8523219333
2.9,646,99.8773914635
2.9,689,99.8972605412
2.9,732,99.9133051460
2.9,775,99.9264037824
2.9,818,99.9377892115
2.9,861,99.9479069675
2.9,904,99.9566872373
2.9,947,99.9640244573
2.9,990,99.9699403973
2.9,1033,99.9747180716
2.9,1076,99.9787017365
2.9,1119,99.9813758635
2.9,1162,99.9834031824
2.9,1205,99.9850188491
2.9,1248,99.9864218759
2.9,1291,99.9876607861
2.9,1334,99.9887604101
2.9,1377,99.9897590644
2.9,1420,99.9906489791
2.9,1463,99.9914460058
2.9,1506,99.9921763829
2.9,1549,99.9928162985
2.9,1592,99.9933896953
2.9,1635,99.9938993446
2.9,1678,99.9943550703
2.9,1721,99.9947815627
2.9,1764,99.9951715255
2.9,1807,99.9955275842
2.9,1850,99.9958626111
2.9,1893,99.9961722364
2.9,1936,99.9964566921
2.9,1979,99.9967223454
2.9,2022,99.9969707435
2.9,2065,99.9972086159
2.9,2108,99.9974345782
2.9,2151,99.9976465194
2.9,2194,99.9978475234
2.9,2237,99.9980366652
2.9,2280,99.9982116688
2.9,2323,99.9983759031
2.9,2366,99.9985314903
2.9,2409,99.9986758210
2.9,2452,99.9988117724
2.9,2495,99.9989332283
2.9,2538,99.9990411686
2.9,2581,99.9991404971
2.9,2624,99.9992319623
2.9,2667,99.9993155384
2.9,2710,99.9993906984
2.9,2753,99.9994583362
2.9,2796,99.9995194744
2.9,2839,99.9995763912
2.9,2882,99.9996288537
2.9,2925,99.9996761174
2.9,2968,99.9997161901
2.9,3011,99.9997522897
2.9,3054,99.9997849132
2.9,3097,99.9998139898
2.9,3140,99.9998392506
2.9,3183,99.9998618978
2.9,3226,99.9998824405
2.9,3269,99.9999004965
2.9,3312,99.9999166463
2.9,3355,99.9999312005
2.9,3398,99.9999442596
2.9,3441,99.9999556566
2.9,3484,99.9999655646
2.9,3527,99.9999738687
2.9,3570,99.9999808462
2.9,3613,99.9999866102
2.9,3656,99.9999912396
2.9,3699,99.9999949869
2.9,3742,99.9999977406
2.9,3785,99.9999991865
2.9,3828,99.9999998394
2.9,3871,100.0000000000
2.9,3914,100.0000000000
2.9,3957,100.0000000000
2.9,4000,100.0000000000
2.9,4043,100.0000000000
2.9,4086,100.0000000000
2.9,4129,100.0000000000
2.9,4172,100.0000000000
2.9,4215,100.0000000000
2.9,4258,100.0000000000
2.9,4301,100.0000000000
2.9,4344,100.0000000000
2.9,4368,100.0000000000
3.0,1,10.0326969255
3.0,44,97.0618808624
3.0,87,97.9370631042
3.0,130,98.4668391272
3.0,173,98.8375053054
3.0,216,99.1151587374
3.0,259,99.3081672168
3.0,302,99.4475187425
3.0,345,99.5547723351
3.0,388,99.6374742430
3.0,431,99.7082566800
3.0,474,99.7543069728
3.0,517,99.7903655452
3.0,560,99.8218311099
3.0,603,99.8506244387
3.0,646,99.8764871525
3.0,689,99.8962762302
3.0,732,99.9124106264
3.0,775,99.9260869784
3.0,818,99.9376252436
3.0,861,99.9478653211
3.0,904,99.9568125616
3.0,947,99.9642189036
3.0,990,99.9701630501
3.0,1033,99.9749577253
3.0,1076,99.9788276596
3.0,1119,99.9815135658
3.0,1162,99.9835322876
3.0,1205,99.9851068850
3.0,1248,99.9864800084
3.0,1291,99.9877124393
3.0,1334,99.9888137688
3.0,1377,99.9898142011
3.0,1420,99.9906995846
3.0,1463,99.9914928430
3.0,1506,99.9921991843
3.0,1549,99.9928359474
3.0,1592,99.9934164233
3.0,1635,99.9939329684
3.0,1678,99.9943924986
3.0,1721,99.9948131807
3.0,1764,99.9951992936
3.0,1807,99.9955590629
3.0,1850,99.9958892630
3.0,1893,99.9961963235
3.0,1936,99.9964802243
3.0,1979,99.9967454567
3.0,2022,99.9969947333
3.0,2065,99.9972300996
3.0,2108,99.9974547095
3.0,2151,99.9976676876
3.0,2194,99.9978683614
3.0,2237,99.9980557969
3.0,2280,99.9982304207
3.0,2323,99.9983939684
3.0,2366,99.9985470704
3.0,2409,99.9986897792
3.0,2452,99.9988210019
3.0,2495,99.9989398203
3.0,2538,99.9990484723
3.0,2581,99.9991475846
3.0,2624,99.9992388038
3.0,2667,99.9993216693
3.0,2710,99.9993978926
3.0,2753,99.9994665266
3.0,2796,99.9995287739
3.0,2839,99.9995850696
3.0,2882,99.9996362692
3.0,2925,99.9996822846
3.0,2968,99.9997222190
3.0,3011,99.9997579398
3.0,3054,99.9997906847
3.0,3097,99.9998189972
3.0,3140,99.9998438438
3.0,3183,99.9998657720
3.0,3226,99.9998856111
3.0,3269,99.9999033538
3.0,3312,99.9999190697
3.0,3355,99.9999332354
3.0,3398,99.9999458475
3.0,3441,99.9999569320
3.0,3484,99.9999665429
3.0,3527,99.9999745733
3.0,3570,99.9999813803
3.0,3613,99.9999871243
3.0,3656,99.9999917845
3.0,3699,99.9999956213
3.0,3742,99.9999982748
3.0,3785,99.9999994942
3.0,3828,99.9999999646
3.0,3871,100.0000000000
3.0,3914,100.0000000000
3.0,3957,100.0000000000
3.0,4000,100.0000000000
3.0,4043,100.0000000000
3.0,4086,100.0000000000
3.0,4129,100.0000000000
3.0,4172,100.0000000000
3.0,4215,100.0000000000
3.0,4258,100.0000000000
3.0,4301,100.0000000000
3.0,4344,100.0000000000
3.0,4368,100.0000000000
