R_angstrom,method,root_index,E_root_Ha,overlap_sq_D0,overlap_sq_D1,overlap_sq_D2,overlap_sq_Q1
1.0,ExtSQD,0,-92.2733650857,9.999388e-01,6.514601e-28,3.658101e-29,7.129233e-09
1.0,ExtSQD,1,-92.1581422089,9.603464e-28,9.979508e-01,1.981651e-03,1.483562e-25
1.0,ExtSQD,2,-92.1581257580,2.856750e-26,1.981641e-03,9.979453e-01,4.386644e-24
1.0,ExtSQD,3,-92.1445314798,7.404776e-10,2.618846e-26,1.727783e-25,3.110447e-08
1.0,ExtSQD,4,-91.9366807624,4.647917e-09,5.959334e-27,1.557444e-27,9.995692e-01
1.0,ExtSQD,5,-91.9064152789,4.604031e-25,2.386331e-10,1.115517e-11,9.134925e-23
1.0,ExtSQD,6,-91.9061869774,8.312661e-27,1.196134e-12,2.838923e-09,1.783955e-24
1.0,ExtSQD,7,-91.9027517301,5.552804e-25,6.638357e-11,1.778777e-09,1.108483e-22
1.0,ExtSQD,8,-91.9025700321,3.222304e-26,9.202493e-12,3.073034e-08,6.464850e-24
1.0,ExtSQD,9,-91.8922022043,2.016677e-11,1.671379e-27,2.897091e-30,4.795519e-06
1.0,ExtSQD,10,-91.8921895165,2.478939e-10,2.213683e-29,1.703901e-27,4.964406e-05
1.0,ExtSQD,11,-91.8629398674,2.261496e-12,5.783339e-27,1.603207e-30,1.011347e-09
1.0,ExtSQD,12,-91.8326955086,4.679847e-08,4.374918e-29,1.559461e-30,9.371979e-10
1.0,ExtSQD,13,-91.8294205796,2.517843e-13,9.754155e-31,6.080158e-30,4.540655e-09
1.0,ExtSQD,14,-91.8249403713,1.119819e-10,9.323961e-24,2.900799e-25,2.097028e-07
1.0,CIPSI_EN_SQD,0,-92.2734785949,9.999800e-01,1.237903e-36,6.181736e-34,4.241204e-12
1.0,CIPSI_EN_SQD,1,-92.1582239911,4.669381e-35,9.074621e-01,9.250572e-02,1.364769e-27
1.0,CIPSI_EN_SQD,2,-92.1582163169,3.202821e-34,9.250546e-02,9.074610e-01,1.899493e-30
1.0,CIPSI_EN_SQD,3,-92.1446451123,7.309477e-09,2.747002e-26,8.132561e-27,8.069144e-10
1.0,CIPSI_EN_SQD,4,-91.9372970853,4.303569e-13,1.260396e-27,9.618531e-29,9.999333e-01
1.0,CIPSI_EN_SQD,5,-91.9068630128,1.165043e-35,1.318018e-12,4.736699e-13,3.212902e-26
1.0,CIPSI_EN_SQD,6,-91.9067970630,3.337852e-37,3.037677e-14,2.121347e-11,3.863097e-26
1.0,CIPSI_EN_SQD,7,-91.9035141273,6.613709e-35,1.517187e-13,4.020530e-12,3.082284e-27
1.0,CIPSI_EN_SQD,8,-91.9034189787,1.137763e-35,1.072831e-11,1.027627e-11,8.438043e-26
1.0,CIPSI_EN_SQD,9,-91.8925297597,3.549233e-12,3.204549e-28,2.015684e-27,1.712937e-08
1.0,CIPSI_EN_SQD,10,-91.8924836689,4.037711e-11,8.671252e-28,1.013733e-27,1.779399e-07
1.0,CIPSI_EN_SQD,11,-91.8632099610,2.853771e-13,2.611951e-29,3.983052e-30,4.082729e-08
1.0,CIPSI_EN_SQD,12,-91.8332801881,7.677942e-10,9.322583e-29,8.626355e-30,2.497741e-08
1.0,CIPSI_EN_SQD,13,-91.8295686521,5.324732e-11,8.034589e-29,1.240702e-28,6.096458e-09
1.0,CIPSI_EN_SQD,14,-91.8252127153,4.319883e-14,2.896253e-30,2.639339e-29,1.344211e-08
1.05,ExtSQD,0,-92.3397927801,9.999282e-01,4.849573e-24,6.161853e-23,2.053219e-08
1.05,ExtSQD,1,-92.2504678209,1.062319e-23,8.785605e-02,9.120675e-01,3.309470e-23
1.05,ExtSQD,2,-92.2504589223,1.338745e-24,9.120643e-01,8.785583e-02,4.139622e-23
1.05,ExtSQD,3,-92.2193763911,1.053126e-09,2.214544e-24,7.752661e-25,8.655676e-08
1.05,ExtSQD,4,-92.0407182446,1.541089e-08,9.857702e-26,6.635510e-24,9.996649e-01
1.05,ExtSQD,5,-91.9928620070,1.037267e-08,4.107400e-25,3.864697e-25,4.055934e-06
1.05,ExtSQD,6,-91.9908660107,1.027798e-08,1.110873e-24,1.081333e-24,1.273903e-06
1.05,ExtSQD,7,-91.9880519283,1.559564e-23,4.706674e-13,4.057834e-12,1.165587e-22
1.05,ExtSQD,8,-91.9873227230,3.223572e-24,1.751535e-08,9.888495e-11,8.105562e-23
1.05,ExtSQD,9,-91.9859086021,7.855399e-23,5.839649e-13,1.482315e-10,1.688834e-22
1.05,ExtSQD,10,-91.9855043444,1.899466e-23,1.031713e-09,1.299463e-12,2.844237e-22
1.05,ExtSQD,11,-91.9652998118,1.101553e-10,9.946672e-26,2.007036e-25,7.046698e-08
1.05,ExtSQD,12,-91.9386983175,3.861545e-08,1.074373e-24,3.679172e-23,9.149492e-07
1.05,ExtSQD,13,-91.9279802010,1.237399e-10,1.143048e-25,6.315877e-25,5.753255e-08
1.05,ExtSQD,14,-91.9244964218,6.537759e-09,7.665212e-25,3.809650e-24,1.389726e-08
1.05,CIPSI_EN_SQD,0,-92.3399504383,9.999800e-01,3.565027e-25,7.703093e-24,3.696989e-11
1.05,CIPSI_EN_SQD,1,-92.2506168819,2.307427e-25,9.853777e-01,1.459703e-02,4.069155e-24
1.05,CIPSI_EN_SQD,2,-92.2506093121,2.822976e-24,1.459702e-02,9.853761e-01,4.686222e-24
1.05,CIPSI_EN_SQD,3,-92.2195535361,2.201582e-09,6.365926e-25,4.908078e-27,2.350935e-09
1.05,CIPSI_EN_SQD,4,-92.0412878055,3.943648e-11,5.289965e-27,9.559433e-27,9.999451e-01
1.05,CIPSI_EN_SQD,5,-91.9931757173,6.894535e-10,2.769137e-26,2.376017e-25,4.454036e-08
1.05,CIPSI_EN_SQD,6,-91.9911627933,3.325916e-11,6.461918e-26,1.897600e-27,3.110342e-08
1.05,CIPSI_EN_SQD,7,-91.9882614147,7.090467e-25,5.223531e-11,2.412310e-13,4.447331e-24
1.05,CIPSI_EN_SQD,8,-91.9882418947,2.483897e-25,1.272788e-10,1.134624e-13,3.651909e-24
1.05,CIPSI_EN_SQD,9,-91.9862683571,6.853187e-25,1.277206e-11,1.038521e-11,6.268439e-24
1.05,CIPSI_EN_SQD,10,-91.9862479007,4.825203e-25,9.659665e-13,3.195890e-11,4.092761e-24
1.05,CIPSI_EN_SQD,11,-91.9655740677,7.552558e-10,3.477305e-27,2.701536e-25,1.304794e-08
1.05,CIPSI_EN_SQD,12,-91.9391949448,8.248703e-10,4.263789e-26,2.441207e-24,1.913577e-07
1.05,CIPSI_EN_SQD,13,-91.9281613632,1.901276e-09,6.786590e-26,5.558058e-25,7.147699e-10
1.05,CIPSI_EN_SQD,14,-91.9248478867,2.988092e-11,2.507792e-26,5.629508e-27,2.579638e-10
1.1,ExtSQD,0,-92.3734831332,9.999194e-01,2.425543e-21,7.919629e-21,1.005263e-08
1.1,ExtSQD,1,-92.2975240371,9.124981e-24,8.602269e-01,1.396858e-01,6.016993e-22
1.1,ExtSQD,2,-92.2975154836,9.883593e-23,1.396853e-01,8.602244e-01,9.553337e-20
1.1,ExtSQD,3,-92.2490772349,2.779694e-09,1.616158e-21,9.953799e-21,7.845448e-08
1.1,ExtSQD,4,-92.1073285418,7.480453e-09,1.251021e-19,1.433384e-19,9.996215e-01
1.1,ExtSQD,5,-92.0589317614,1.499148e-09,1.168148e-19,3.672664e-23,2.171305e-05
1.1,ExtSQD,6,-92.0567788040,9.247388e-12,2.605492e-19,4.516459e-19,4.605792e-07
1.1,ExtSQD,7,-92.0414898349,1.164554e-23,5.160612e-11,5.348566e-10,1.333914e-20
1.1,ExtSQD,8,-92.0409823228,1.385337e-21,3.099350e-09,2.006221e-08,7.534001e-21
1.1,ExtSQD,9,-92.0318497317,2.739302e-18,3.514358e-10,2.798738e-10,3.383972e-16
1.1,ExtSQD,10,-92.0316547780,1.428300e-13,3.656656e-19,5.917284e-19,9.094650e-09
1.1,ExtSQD,11,-92.0315070420,5.302220e-18,1.507374e-10,1.394059e-11,5.983644e-16
1.1,ExtSQD,12,-92.0061085878,5.783403e-08,9.161636e-20,6.163901e-20,3.768655e-08
1.1,ExtSQD,13,-91.9943726943,1.308171e-11,2.270476e-19,7.549052e-19,1.832547e-11
1.1,ExtSQD,14,-91.9907826914,1.259438e-10,1.809996e-18,2.618210e-18,2.278894e-07
1.1,CIPSI_EN_SQD,0,-92.3736496951,9.999740e-01,1.651483e-21,3.168075e-22,3.108601e-09
1.1,CIPSI_EN_SQD,1,-92.2976800376,3.609922e-25,4.471599e-01,5.528065e-01,3.103158e-22
1.1,CIPSI_EN_SQD,2,-92.2976721234,5.061911e-23,5.528054e-01,4.471589e-01,1.022214e-22
1.1,CIPSI_EN_SQD,3,-92.2492799540,3.238574e-09,1.528686e-21,4.049855e-23,5.514807e-08
1.1,CIPSI_EN_SQD,4,-92.1079377861,2.724928e-09,8.524345e-22,6.268375e-22,9.999229e-01
1.1,CIPSI_EN_SQD,5,-92.0592804696,4.025794e-10,3.364828e-20,4.560253e-21,5.103728e-08
1.1,CIPSI_EN_SQD,6,-92.0571478380,2.017556e-11,3.591069e-20,6.161188e-21,1.128192e-08
1.1,CIPSI_EN_SQD,7,-92.0416588842,1.574163e-21,1.116087e-12,2.732435e-11,4.576179e-19
1.1,CIPSI_EN_SQD,8,-92.0414324905,2.381147e-21,1.027362e-10,1.805009e-11,4.490349e-20
1.1,CIPSI_EN_SQD,9,-92.0320611979,7.837889e-20,5.022986e-10,1.570265e-10,2.299643e-18
1.1,CIPSI_EN_SQD,10,-92.0319910286,8.353498e-11,3.667504e-20,1.935012e-19,3.412084e-09
1.1,CIPSI_EN_SQD,11,-92.0319016378,2.156528e-20,7.508653e-11,1.850230e-10,2.486450e-19
1.1,CIPSI_EN_SQD,12,-92.0065943144,1.463516e-09,9.356715e-21,1.139781e-20,2.162611e-06
1.1,CIPSI_EN_SQD,13,-91.9947012636,1.101367e-10,4.420811e-20,1.523817e-19,8.303987e-10
1.1,CIPSI_EN_SQD,14,-91.9912026958,8.250195e-14,8.443582e-20,1.057933e-21,4.466746e-09
1.15,ExtSQD,0,-92.3904932596,9.999080e-01,1.965177e-21,8.365005e-22,3.780308e-08
1.15,ExtSQD,1,-92.3263726698,5.220323e-22,8.028291e-02,9.196248e-01,2.998208e-21
1.15,ExtSQD,2,-92.3263570169,2.280798e-21,9.196199e-01,8.028263e-02,5.955600e-21
1.15,ExtSQD,3,-92.2626421317,2.235581e-08,1.581332e-22,2.345065e-22,5.017448e-07
1.15,ExtSQD,4,-92.1544706189,3.034010e-08,9.783791e-30,4.574740e-21,9.996070e-01
1.15,ExtSQD,5,-92.1057125919,2.134781e-08,5.876252e-21,1.933262e-20,2.582120e-05
1.15,ExtSQD,6,-92.1034673098,8.405376e-09,1.803443e-20,8.590784e-20,8.364984e-07
1.15,ExtSQD,7,-92.0789232023,7.267639e-10,4.696247e-20,1.244118e-19,2.135963e-08
1.15,ExtSQD,8,-92.0774923450,4.089867e-20,2.425966e-09,3.313328e-13,1.408107e-21
1.15,ExtSQD,9,-92.0770782363,2.308940e-20,1.994376e-08,1.524828e-09,3.720351e-19
1.15,ExtSQD,10,-92.0602300359,3.734406e-20,2.024151e-10,3.569762e-10,2.848487e-19
1.15,ExtSQD,11,-92.0600151966,6.208721e-19,1.499176e-10,3.919289e-10,2.370252e-18
1.15,ExtSQD,12,-92.0538994070,6.046156e-08,7.350474e-21,6.044801e-20,3.973857e-07
1.15,ExtSQD,13,-92.0417553725,1.731065e-09,4.929858e-23,6.545821e-20,1.510745e-08
1.15,ExtSQD,14,-92.0381714499,9.161797e-09,1.885402e-20,1.717381e-19,7.062515e-07
1.15,CIPSI_EN_SQD,0,-92.3906523112,9.999638e-01,9.070842e-22,5.256694e-23,1.779593e-11
1.15,CIPSI_EN_SQD,1,-92.3265192449,4.255930e-24,4.566114e-02,9.543001e-01,1.848067e-22
1.15,CIPSI_EN_SQD,2,-92.3264943697,2.296206e-22,9.542937e-01,4.566088e-02,4.951989e-22
1.15,CIPSI_EN_SQD,3,-92.2628396366,1.452720e-09,3.379868e-23,2.243253e-22,1.036352e-07
1.15,CIPSI_EN_SQD,4,-92.1550476732,2.798139e-11,2.869471e-22,3.008225e-22,9.999059e-01
1.15,CIPSI_EN_SQD,5,-92.1060493601,2.773825e-10,5.816901e-21,4.921145e-21,5.823112e-07
1.15,CIPSI_EN_SQD,6,-92.1037447671,3.316266e-10,7.943460e-21,2.822392e-20,1.812305e-08
1.15,CIPSI_EN_SQD,7,-92.0791561348,1.448646e-13,2.864977e-20,6.887510e-20,3.291313e-09
1.15,CIPSI_EN_SQD,8,-92.0776213328,1.780590e-20,9.040400e-12,2.504650e-10,2.236824e-19
1.15,CIPSI_EN_SQD,9,-92.0773792775,1.739668e-21,8.470297e-11,8.343601e-13,1.018794e-19
1.15,CIPSI_EN_SQD,10,-92.0604295517,5.469495e-20,3.715688e-11,7.474457e-10,1.348402e-18
1.15,CIPSI_EN_SQD,11,-92.0602574601,1.164095e-19,1.154263e-10,7.125132e-12,1.039455e-21
1.15,CIPSI_EN_SQD,12,-92.0543053800,1.826133e-09,3.468654e-21,1.261242e-22,1.918684e-06
1.15,CIPSI_EN_SQD,13,-92.0419803031,1.300630e-10,1.625209e-20,2.737098e-20,2.528832e-09
1.15,CIPSI_EN_SQD,14,-92.0384457761,4.059527e-10,4.954088e-20,5.170989e-19,3.283490e-09
1.2,ExtSQD,0,-92.3951001087,9.998080e-01,6.957324e-27,1.343234e-26,5.001772e-08
1.2,ExtSQD,1,-92.3414948276,2.029401e-26,9.446966e-01,5.512537e-02,1.348742e-26
1.2,ExtSQD,2,-92.3414180045,9.110544e-24,5.512391e-02,9.446716e-01,3.989327e-24
1.2,ExtSQD,3,-92.2645492567,2.210777e-07,2.566366e-26,8.892858e-26,1.032933e-05
1.2,ExtSQD,4,-92.1861132466,3.720800e-08,6.165624e-27,1.815896e-26,9.991971e-01
1.2,ExtSQD,5,-92.1376503481,8.416314e-08,2.818657e-27,3.099335e-26,6.162110e-05
1.2,ExtSQD,6,-92.1351780741,8.808115e-09,5.942107e-30,1.021477e-28,4.994521e-06
1.2,ExtSQD,7,-92.1113560409,9.410364e-11,2.924378e-26,5.344360e-26,7.105275e-09
1.2,ExtSQD,8,-92.0858639280,6.668608e-08,1.912032e-27,1.006869e-25,1.107432e-05
1.2,ExtSQD,9,-92.0744203259,1.204878e-10,6.677556e-27,1.384792e-26,9.813821e-09
1.2,ExtSQD,10,-92.0708997362,1.306920e-09,3.752481e-26,1.041262e-26,4.695799e-07
1.2,ExtSQD,11,-92.0708154115,1.828025e-10,9.251513e-27,1.978510e-26,2.101586e-07
1.2,ExtSQD,12,-92.0523875793,5.892777e-10,7.332590e-28,4.155397e-26,9.511095e-08
1.2,ExtSQD,13,-92.0523610884,2.075636e-08,1.359554e-25,5.098150e-25,4.149426e-06
1.2,ExtSQD,14,-92.0344899201,2.330447e-12,6.595300e-25,4.250942e-24,4.209200e-10
1.2,CIPSI_EN_SQD,0,-92.3954784073,9.999555e-01,2.695543e-30,5.369353e-28,4.811519e-10
1.2,CIPSI_EN_SQD,1,-92.3418454223,2.423767e-26,8.519485e-01,1.480067e-01,9.278532e-25
1.2,CIPSI_EN_SQD,2,-92.3417899630,3.668705e-29,1.480046e-01,8.519359e-01,3.668787e-27
1.2,CIPSI_EN_SQD,3,-92.2649908867,1.609076e-10,2.577724e-26,6.143624e-27,2.320959e-07
1.2,CIPSI_EN_SQD,4,-92.1873187386,3.902263e-10,5.072386e-28,3.070849e-27,9.998825e-01
1.2,CIPSI_EN_SQD,5,-92.1381590454,3.254652e-09,6.684461e-28,6.597491e-32,1.231738e-06
1.2,CIPSI_EN_SQD,6,-92.1356478096,1.367330e-10,1.509865e-26,2.500333e-27,2.742374e-08
1.2,CIPSI_EN_SQD,7,-92.1117413153,3.599999e-11,1.766023e-26,2.790034e-26,6.263153e-11
1.2,CIPSI_EN_SQD,8,-92.0866611466,4.829588e-09,8.347891e-26,3.455486e-26,1.820175e-06
1.2,CIPSI_EN_SQD,9,-92.0747225972,9.897945e-11,1.162438e-28,5.258441e-28,2.517038e-10
1.2,CIPSI_EN_SQD,10,-92.0713356132,2.072351e-10,1.869649e-25,5.008152e-26,6.724172e-07
1.2,CIPSI_EN_SQD,11,-92.0712224403,1.736378e-10,2.956536e-26,9.706546e-27,3.432884e-08
1.2,CIPSI_EN_SQD,12,-92.0527135153,3.033761e-10,6.996879e-25,9.236752e-26,1.062197e-07
1.2,CIPSI_EN_SQD,13,-92.0526983082,1.336604e-10,1.422166e-24,3.675670e-25,4.318026e-08
1.2,CIPSI_EN_SQD,14,-92.0348502309,6.616552e-13,2.302420e-23,5.728477e-24,1.364297e-12
1.25,ExtSQD,0,-92.3911899806,9.997925e-01,3.430065e-23,9.360984e-24,1.231574e-07
1.25,ExtSQD,1,-92.3469281439,1.226879e-22,9.995209e-01,2.852216e-04,9.463871e-24
1.25,ExtSQD,2,-92.3469099850,3.579766e-23,2.852223e-04,9.995158e-01,7.072743e-23
1.25,ExtSQD,3,-92.2590266536,2.426859e-07,2.924756e-24,5.196637e-23,4.868470e-05
1.25,ExtSQD,4,-92.2074010687,9.607270e-08,1.380710e-24,2.541957e-22,9.992666e-01
1.25,ExtSQD,5,-92.1588860279,4.198915e-11,3.034079e-23,1.920218e-23,2.602656e-06
1.25,ExtSQD,6,-92.1561103917,8.333668e-12,3.823156e-24,3.301607e-24,4.101782e-07
1.25,ExtSQD,7,-92.1330150431,4.620579e-12,2.565782e-23,5.932429e-23,1.834202e-10
1.25,ExtSQD,8,-92.1180596904,6.806206e-22,1.735081e-07,4.782392e-10,3.562297e-22
1.25,ExtSQD,9,-92.1176086026,1.093500e-21,3.408189e-10,3.194224e-08,4.578846e-21
1.25,ExtSQD,10,-92.1131524415,8.140567e-20,5.767178e-12,6.504169e-10,1.497176e-20
1.25,ExtSQD,11,-92.1125478420,3.641724e-22,2.180427e-09,1.719917e-11,1.575379e-22
1.25,ExtSQD,12,-92.1064729296,1.265636e-08,8.527489e-22,7.121231e-22,2.158236e-05
1.25,ExtSQD,13,-92.0961964063,6.460138e-12,6.716270e-23,5.656136e-21,5.431269e-10
1.25,ExtSQD,14,-92.0934215158,9.462353e-09,6.407305e-24,1.038430e-20,1.665329e-06
1.25,CIPSI_EN_SQD,0,-92.3916165041,9.999641e-01,7.047560e-25,7.122794e-25,3.130346e-09
1.25,CIPSI_EN_SQD,1,-92.3473258931,5.052725e-24,1.753347e-02,9.824287e-01,1.374334e-24
1.25,CIPSI_EN_SQD,2,-92.3473116798,4.179989e-25,9.824253e-01,1.753339e-02,1.284186e-24
1.25,CIPSI_EN_SQD,3,-92.2595645774,8.160079e-10,4.517031e-25,3.957466e-26,7.591456e-07
1.25,CIPSI_EN_SQD,4,-92.2085536929,2.710644e-09,4.198509e-26,2.433404e-25,9.999170e-01
1.25,CIPSI_EN_SQD,5,-92.1593208476,3.447860e-09,1.351035e-25,2.979302e-24,6.982826e-07
1.25,CIPSI_EN_SQD,6,-92.1565402796,4.308152e-10,5.615103e-25,1.672827e-24,1.506500e-07
1.25,CIPSI_EN_SQD,7,-92.1333533502,8.652386e-12,5.494184e-26,3.169198e-23,1.613053e-09
1.25,CIPSI_EN_SQD,8,-92.1187547929,3.606175e-23,2.951996e-09,1.994947e-12,6.019202e-24
1.25,CIPSI_EN_SQD,9,-92.1185732263,3.959228e-21,1.516887e-10,9.209368e-09,1.176614e-22
1.25,CIPSI_EN_SQD,10,-92.1132359897,8.868652e-23,8.537213e-14,1.079091e-10,1.373690e-20
1.25,CIPSI_EN_SQD,11,-92.1128646395,5.353021e-22,8.917476e-11,1.234907e-12,4.156384e-22
1.25,CIPSI_EN_SQD,12,-92.1071214009,2.059189e-09,1.032234e-23,2.203479e-23,1.632457e-06
1.25,CIPSI_EN_SQD,13,-92.0964900760,4.904553e-12,9.826699e-24,2.767557e-22,1.285692e-10
1.25,CIPSI_EN_SQD,14,-92.0937289898,9.338934e-11,4.015743e-23,7.368865e-21,4.508747e-07
1.3,ExtSQD,0,-92.3810234273,9.997306e-01,4.916710e-27,4.408369e-27,3.494644e-08
1.3,ExtSQD,1,-92.3451604582,1.063216e-24,5.992040e-01,4.005561e-01,5.090146e-27
1.3,ExtSQD,2,-92.3451457185,1.077359e-26,4.005529e-01,5.992011e-01,6.471422e-27
1.3,ExtSQD,3,-92.2486247367,5.530990e-07,1.876883e-27,3.582504e-27,1.811111e-04
1.3,ExtSQD,4,-92.2197489671,2.609774e-08,4.878234e-26,7.914372e-27,9.989341e-01
1.3,ExtSQD,5,-92.1714217587,5.010430e-09,1.628111e-25,2.326612e-25,2.659986e-05
1.3,ExtSQD,6,-92.1685077043,4.319063e-09,4.014891e-26,8.361467e-26,5.268361e-06
1.3,ExtSQD,7,-92.1461949783,5.424123e-11,8.609281e-25,9.800395e-25,1.009971e-07
1.3,ExtSQD,8,-92.1425577218,7.161512e-25,2.896328e-07,1.888764e-08,1.652156e-25
1.3,ExtSQD,9,-92.1421683953,6.486584e-26,1.202692e-08,3.971578e-09,5.910587e-26
1.3,ExtSQD,10,-92.1187954347,2.785567e-23,2.133779e-10,4.483810e-09,4.281599e-23
1.3,ExtSQD,11,-92.1178238544,4.898938e-22,3.673736e-08,1.210144e-08,2.570107e-22
1.3,ExtSQD,12,-92.1170788891,5.481234e-08,3.137286e-24,8.170758e-24,8.881781e-06
1.3,ExtSQD,13,-92.1098530755,5.985929e-10,1.784733e-27,2.805867e-25,1.314226e-07
1.3,ExtSQD,14,-92.1073107251,9.150717e-08,4.057474e-23,6.940613e-22,4.692295e-06
1.3,CIPSI_EN_SQD,0,-92.3815424129,9.999486e-01,1.917631e-26,2.337789e-26,1.448658e-09
1.3,CIPSI_EN_SQD,1,-92.3456238925,1.314977e-26,1.463161e-01,8.536311e-01,2.410683e-27
1.3,CIPSI_EN_SQD,2,-92.3456104135,6.110470e-27,8.536275e-01,1.463155e-01,1.944822e-28
1.3,CIPSI_EN_SQD,3,-92.2493427544,1.032585e-09,7.228095e-27,3.290526e-27,6.772501e-06
1.3,CIPSI_EN_SQD,4,-92.2212183782,1.437310e-09,1.313293e-25,7.514258e-26,9.998924e-01
1.3,CIPSI_EN_SQD,5,-92.1720743415,1.246411e-09,9.692216e-28,7.583827e-29,4.954886e-07
1.3,CIPSI_EN_SQD,6,-92.1691593152,8.096940e-11,2.472589e-26,9.337648e-27,3.249580e-07
1.3,CIPSI_EN_SQD,7,-92.1467573098,2.405735e-10,9.134187e-24,2.685386e-24,6.120797e-10
1.3,CIPSI_EN_SQD,8,-92.1433725166,8.882356e-26,6.591029e-10,2.248774e-12,6.522101e-27
1.3,CIPSI_EN_SQD,9,-92.1433498311,4.596904e-26,1.631432e-13,1.214256e-10,1.968682e-27
1.3,CIPSI_EN_SQD,10,-92.1189061364,1.926314e-23,2.440141e-12,6.393787e-12,8.765001e-25
1.3,CIPSI_EN_SQD,11,-92.1185900090,3.151424e-22,4.126271e-10,1.046611e-10,1.003486e-23
1.3,CIPSI_EN_SQD,12,-92.1178715787,1.946404e-10,7.945079e-24,7.435070e-25,2.065152e-06
1.3,CIPSI_EN_SQD,13,-92.1102890636,4.768134e-10,2.951660e-24,1.366002e-25,9.384299e-10
1.3,CIPSI_EN_SQD,14,-92.1078923660,3.458744e-10,9.321676e-22,2.762122e-23,1.700132e-07
1.35,ExtSQD,0,-92.3668368243,9.996926e-01,1.947063e-32,3.711553e-32,5.365670e-07
1.35,ExtSQD,1,-92.3385953960,1.516015e-30,1.249022e-01,8.748475e-01,2.976550e-28
1.35,ExtSQD,2,-92.3385766658,7.871198e-30,8.748418e-01,1.249011e-01,3.173021e-28
1.35,ExtSQD,3,-92.2361372069,1.235938e-06,5.384484e-28,6.580415e-29,3.000622e-03
1.35,ExtSQD,4,-92.2262319904,5.320209e-07,6.897610e-28,5.462595e-28,9.961014e-01
1.35,ExtSQD,5,-92.1781401764,5.264353e-08,2.580525e-28,6.794315e-29,1.715153e-06
1.35,ExtSQD,6,-92.1750285598,2.356454e-08,1.572475e-28,4.000225e-28,1.744950e-05
1.35,ExtSQD,7,-92.1535220627,5.194463e-09,8.276546e-28,9.179846e-29,1.646219e-07
1.35,ExtSQD,8,-92.1204990370,5.224360e-08,2.127948e-29,1.665334e-28,1.154430e-05
1.35,ExtSQD,9,-92.1174588381,6.368066e-09,6.349986e-28,1.251860e-27,1.067275e-07
1.35,ExtSQD,10,-92.1156059725,2.009557e-08,1.209128e-28,1.053374e-28,3.199306e-07
1.35,ExtSQD,11,-92.1143558237,3.367697e-08,1.969192e-27,5.221916e-28,2.614190e-06
1.35,ExtSQD,12,-92.1020122322,1.464136e-08,6.902217e-29,2.016097e-27,1.871212e-06
1.35,ExtSQD,13,-92.1011706547,8.024939e-09,1.053058e-28,1.225588e-27,1.124989e-07
1.35,ExtSQD,14,-92.0862993961,4.441898e-10,3.991264e-30,5.020705e-30,3.104466e-09
1.35,CIPSI_EN_SQD,0,-92.3674104488,9.999476e-01,1.224361e-31,1.252022e-31,4.667535e-09
1.35,CIPSI_EN_SQD,1,-92.3390476938,5.380004e-30,2.824977e-01,7.174464e-01,2.560710e-30
1.35,CIPSI_EN_SQD,2,-92.3390421751,2.588692e-30,7.174453e-01,2.824972e-01,3.332105e-28
1.35,CIPSI_EN_SQD,3,-92.2369335731,2.701163e-09,3.125027e-29,2.368980e-27,4.574046e-05
1.35,CIPSI_EN_SQD,4,-92.2277136918,4.505203e-09,2.008579e-28,1.720598e-28,9.998497e-01
1.35,CIPSI_EN_SQD,5,-92.1788051058,1.799412e-10,1.884535e-27,4.908652e-30,2.068048e-08
1.35,CIPSI_EN_SQD,6,-92.1756583698,6.271120e-10,2.418116e-28,1.628874e-28,4.766896e-07
1.35,CIPSI_EN_SQD,7,-92.1541160798,1.499474e-09,5.601634e-28,3.618352e-30,4.787682e-10
1.35,CIPSI_EN_SQD,8,-92.1211391600,1.114665e-10,3.491753e-28,1.281181e-28,1.013431e-06
1.35,CIPSI_EN_SQD,9,-92.1179705540,2.458375e-09,2.605397e-28,1.196202e-28,5.333235e-10
1.35,CIPSI_EN_SQD,10,-92.1161140054,5.098491e-10,5.215122e-28,1.512585e-27,1.127461e-08
1.35,CIPSI_EN_SQD,11,-92.1147681803,5.824985e-10,3.172676e-28,2.177872e-28,1.483867e-07
1.35,CIPSI_EN_SQD,12,-92.1024738586,1.536620e-12,3.501922e-28,7.225522e-28,8.003785e-08
1.35,CIPSI_EN_SQD,13,-92.1016647056,2.713885e-11,3.937436e-28,5.570313e-28,1.179306e-09
1.35,CIPSI_EN_SQD,14,-92.0866999803,3.203178e-10,2.977785e-29,4.453611e-29,1.636859e-11
1.4,ExtSQD,0,-92.3500582018,9.996585e-01,1.041570e-23,2.543973e-23,1.006573e-06
1.4,ExtSQD,1,-92.3288430068,1.268846e-27,8.639832e-02,9.133398e-01,4.758985e-23
1.4,ExtSQD,2,-92.3288422408,1.510009e-23,9.133400e-01,8.639831e-02,2.693042e-22
1.4,ExtSQD,3,-92.2281568578,5.405759e-07,8.983702e-23,3.709861e-20,9.863577e-01
1.4,ExtSQD,4,-92.2230691839,3.052779e-06,6.110828e-25,7.948701e-21,1.270451e-02
1.4,ExtSQD,5,-92.1803473708,9.035603e-10,6.275742e-25,3.763680e-21,1.326507e-06
1.4,ExtSQD,6,-92.1769551342,1.141391e-08,1.308122e-23,3.430193e-22,1.614948e-05
1.4,ExtSQD,7,-92.1720004674,1.778190e-23,1.039583e-11,5.290489e-09,5.444762e-22
1.4,ExtSQD,8,-92.1716193819,2.352734e-23,7.031122e-07,3.940326e-09,4.456600e-23
1.4,ExtSQD,9,-92.1563155034,3.654153e-12,4.720789e-22,9.978956e-20,4.198069e-11
1.4,ExtSQD,10,-92.1360234847,1.481961e-19,3.927051e-10,1.864288e-08,1.758791e-19
1.4,ExtSQD,11,-92.1359332284,3.708283e-19,8.138118e-08,3.705527e-11,2.829474e-19
1.4,ExtSQD,12,-92.1206644349,1.995003e-10,1.333205e-21,4.394887e-19,6.547574e-09
1.4,ExtSQD,13,-92.1192978379,1.430685e-08,1.033684e-21,1.043451e-19,6.747023e-07
1.4,ExtSQD,14,-92.1180145010,8.807869e-09,3.136824e-18,8.731702e-17,6.892184e-06
1.4,CIPSI_EN_SQD,0,-92.3506549033,9.999346e-01,4.905912e-25,1.934574e-23,1.079581e-07
1.4,CIPSI_EN_SQD,1,-92.3292903000,3.146063e-24,9.961861e-01,3.751359e-03,6.448163e-24
1.4,CIPSI_EN_SQD,2,-92.3292668816,2.836234e-23,3.751329e-03,9.961788e-01,1.543799e-24
1.4,CIPSI_EN_SQD,3,-92.2295405118,9.858683e-08,5.868554e-23,6.810307e-21,9.990480e-01
1.4,CIPSI_EN_SQD,4,-92.2240305897,9.979908e-09,1.844686e-23,4.569564e-21,7.985695e-04
1.4,CIPSI_EN_SQD,5,-92.1808018925,1.688850e-09,2.992141e-22,7.275277e-20,4.064454e-07
1.4,CIPSI_EN_SQD,6,-92.1775568137,2.214667e-08,1.554778e-22,1.848728e-20,4.520845e-06
1.4,CIPSI_EN_SQD,7,-92.1725584858,2.273635e-22,2.324881e-11,1.138186e-10,1.394506e-23
1.4,CIPSI_EN_SQD,8,-92.1725309695,1.361173e-21,1.551387e-11,4.530077e-09,1.405428e-22
1.4,CIPSI_EN_SQD,9,-92.1566766973,1.410848e-11,5.458128e-23,8.525801e-21,3.967516e-11
1.4,CIPSI_EN_SQD,10,-92.1366346811,2.924405e-19,2.304454e-08,2.875829e-08,5.944197e-21
1.4,CIPSI_EN_SQD,11,-92.1366290484,2.299892e-19,1.231810e-08,5.639316e-08,3.936974e-19
1.4,CIPSI_EN_SQD,12,-92.1208619185,5.961434e-11,8.312927e-24,2.265977e-21,7.249862e-12
1.4,CIPSI_EN_SQD,13,-92.1195600502,4.823367e-10,3.593990e-24,7.044965e-21,1.364359e-07
1.4,CIPSI_EN_SQD,14,-92.1184592343,3.880716e-12,1.518535e-19,4.129703e-19,1.432242e-06
1.45,ExtSQD,0,-92.3317479972,9.996756e-01,1.049348e-22,1.022401e-24,4.648163e-06
1.45,ExtSQD,1,-92.3170034993,1.312280e-23,7.155204e-01,2.842634e-01,1.739609e-22
1.45,ExtSQD,2,-92.3169961807,2.902014e-24,2.842623e-01,7.155182e-01,3.636095e-28
1.45,ExtSQD,3,-92.2266143932,3.831089e-06,9.801753e-23,4.599606e-24,9.978660e-01
1.45,ExtSQD,4,-92.2107209636,5.739409e-06,1.515877e-25,1.225441e-24,1.293658e-03
1.45,ExtSQD,5,-92.1798396318,9.813837e-23,1.546276e-07,3.422856e-07,1.018976e-21
1.45,ExtSQD,6,-92.1794714143,4.435923e-24,1.029907e-06,7.275726e-07,3.184877e-22
1.45,ExtSQD,7,-92.1791835469,1.253872e-09,2.438396e-22,1.434876e-22,1.852076e-06
1.45,ExtSQD,8,-92.1755295461,4.420348e-11,4.827978e-22,1.831954e-23,7.037778e-06
1.45,ExtSQD,9,-92.1557162908,9.057480e-10,5.242249e-22,1.485716e-25,6.031471e-09
1.45,ExtSQD,10,-92.1436734722,2.660294e-23,1.162293e-07,1.162538e-07,5.156676e-20
1.45,ExtSQD,11,-92.1434257058,4.473108e-21,5.011780e-09,3.586862e-09,6.846795e-20
1.45,ExtSQD,12,-92.1204409647,2.913848e-10,2.242237e-23,2.512658e-22,1.355122e-08
1.45,ExtSQD,13,-92.1195590476,5.549596e-09,1.706232e-20,3.613354e-22,5.411986e-07
1.45,ExtSQD,14,-92.1173587622,4.899274e-08,1.695028e-20,3.611655e-22,2.622508e-06
1.45,CIPSI_EN_SQD,0,-92.3322832648,9.999368e-01,3.087953e-25,1.484688e-24,5.664944e-08
1.45,CIPSI_EN_SQD,1,-92.3173337756,2.532133e-25,4.543707e-01,5.455705e-01,5.470334e-24
1.45,CIPSI_EN_SQD,2,-92.3173250890,2.846490e-25,5.455692e-01,4.543697e-01,3.163308e-26
1.45,CIPSI_EN_SQD,3,-92.2278129573,5.191574e-08,1.378262e-26,7.065405e-24,9.996929e-01
1.45,CIPSI_EN_SQD,4,-92.2116139255,6.132776e-08,1.289117e-23,1.634693e-25,1.486011e-04
1.45,CIPSI_EN_SQD,5,-92.1804018461,2.526576e-25,3.456774e-09,6.821229e-10,2.250241e-23
1.45,CIPSI_EN_SQD,6,-92.1803799537,1.862234e-24,3.723417e-10,2.305097e-10,2.224941e-23
1.45,CIPSI_EN_SQD,7,-92.1796425977,1.037672e-09,1.981775e-23,4.603246e-24,5.596414e-07
1.45,CIPSI_EN_SQD,8,-92.1759903999,1.861179e-10,2.760892e-22,2.430311e-24,2.110032e-06
1.45,CIPSI_EN_SQD,9,-92.1561070680,2.753856e-11,5.830197e-23,1.146214e-25,5.632864e-10
1.45,CIPSI_EN_SQD,10,-92.1442690229,1.326464e-22,7.036887e-09,3.334320e-09,1.364118e-21
1.45,CIPSI_EN_SQD,11,-92.1442371524,1.811350e-22,1.874267e-09,3.780615e-09,3.897561e-23
1.45,CIPSI_EN_SQD,12,-92.1208489114,4.482454e-10,7.928522e-22,3.012830e-22,1.628836e-09
1.45,CIPSI_EN_SQD,13,-92.1198391380,7.859773e-10,6.618332e-21,5.818030e-22,2.743562e-07
1.45,CIPSI_EN_SQD,14,-92.1175783600,2.773947e-09,2.653493e-21,2.084936e-22,6.139314e-07
1.5,ExtSQD,0,-92.3122084132,9.995224e-01,1.089978e-23,1.971204e-24,1.512178e-05
1.5,ExtSQD,1,-92.3029144511,6.040227e-24,1.818216e-01,8.178838e-01,1.369787e-21
1.5,ExtSQD,2,-92.3028979849,4.441323e-23,8.178805e-01,1.818206e-01,2.062864e-21
1.5,ExtSQD,3,-92.2219050139,1.285083e-05,9.382107e-23,1.694404e-23,9.978322e-01
1.5,ExtSQD,4,-92.1979370652,1.414373e-05,2.513201e-24,2.749721e-23,9.881346e-04
1.5,ExtSQD,5,-92.1833090433,1.566120e-23,9.921089e-07,2.168286e-07,1.676596e-21
1.5,ExtSQD,6,-92.1829849719,6.204591e-23,3.098188e-07,2.368311e-06,1.060558e-22
1.5,ExtSQD,7,-92.1752069435,3.547695e-09,1.225640e-22,3.855556e-24,2.823008e-05
1.5,ExtSQD,8,-92.1713823660,5.403688e-09,7.895189e-23,2.114078e-23,3.452037e-06
1.5,ExtSQD,9,-92.1524834047,4.109739e-09,5.997480e-22,1.520302e-24,6.880511e-08
1.5,ExtSQD,10,-92.1468724549,1.970935e-23,7.783458e-09,1.319763e-07,2.604292e-19
1.5,ExtSQD,11,-92.1467497993,8.427363e-24,1.386573e-07,3.506754e-09,3.024668e-19
1.5,ExtSQD,12,-92.1204510075,5.830121e-08,2.672457e-22,4.924959e-22,1.990187e-05
1.5,ExtSQD,13,-92.1176736105,3.189919e-09,1.295955e-22,4.143228e-23,1.132322e-07
1.5,ExtSQD,14,-92.1168336427,1.997222e-07,2.500858e-22,3.394340e-22,2.069149e-06
1.5,CIPSI_EN_SQD,0,-92.3129885512,9.999166e-01,2.647098e-26,1.171976e-24,1.991113e-10
1.5,CIPSI_EN_SQD,1,-92.3033862769,6.258340e-24,5.687260e-02,9.430523e-01,1.123204e-24
1.5,CIPSI_EN_SQD,2,-92.3033813981,1.918763e-24,9.430508e-01,5.687268e-02,2.368525e-26
1.5,CIPSI_EN_SQD,3,-92.2236330427,2.254461e-10,1.655380e-26,2.933991e-24,9.998137e-01
1.5,CIPSI_EN_SQD,4,-92.1993394881,2.321034e-07,1.276698e-23,1.291237e-23,3.733666e-05
1.5,CIPSI_EN_SQD,5,-92.1839799778,6.584320e-27,3.704378e-08,5.437522e-09,3.459446e-22
1.5,CIPSI_EN_SQD,6,-92.1839244638,2.964923e-22,2.675697e-08,6.871853e-08,4.004106e-23
1.5,CIPSI_EN_SQD,7,-92.1759437162,4.294723e-09,2.821407e-23,1.144698e-25,4.594648e-07
1.5,CIPSI_EN_SQD,8,-92.1719694610,1.636089e-10,3.469957e-22,2.389969e-23,1.181378e-09
1.5,CIPSI_EN_SQD,9,-92.1529282452,3.687086e-09,3.422888e-23,9.487453e-24,2.240937e-08
1.5,CIPSI_EN_SQD,10,-92.1476114497,1.403585e-22,1.316712e-08,2.534751e-09,3.645572e-22
1.5,CIPSI_EN_SQD,11,-92.1475031048,5.102314e-25,1.512033e-08,1.604479e-08,2.102624e-21
1.5,CIPSI_EN_SQD,12,-92.1229516300,2.921418e-08,7.412163e-22,3.945740e-22,7.273852e-09
1.5,CIPSI_EN_SQD,13,-92.1180214041,3.408178e-09,4.745665e-23,1.598601e-23,1.359585e-08
1.5,CIPSI_EN_SQD,14,-92.1174180411,4.225514e-10,1.882167e-21,1.526353e-22,3.360866e-07
1.6,ExtSQD,0,-92.2779450786,9.997670e-01,3.225740e-26,3.880434e-30,4.040019e-34
1.6,ExtSQD,1,-92.2776208778,3.212049e-26,9.997200e-01,1.126486e-23,5.300745e-26
1.6,ExtSQD,2,-92.2740972680,4.125937e-30,1.133177e-23,9.996150e-01,1.527951e-05
1.6,ExtSQD,3,-92.2107994395,3.429180e-30,1.112772e-27,1.496332e-05,9.984511e-01
1.6,ExtSQD,4,-92.1885987459,3.815044e-06,7.378387e-29,2.345763e-28,3.282711e-26
1.6,ExtSQD,5,-92.1882059049,5.397003e-30,6.782396e-07,6.061608e-27,6.736993e-26
1.6,ExtSQD,6,-92.1758438795,6.254698e-30,5.671655e-29,1.475960e-05,3.724344e-04
1.6,ExtSQD,7,-92.1609292181,2.328444e-30,1.286866e-28,2.843150e-25,1.794209e-24
1.6,ExtSQD,8,-92.1603874842,9.527492e-31,4.719867e-27,4.592198e-07,1.093700e-04
1.6,ExtSQD,9,-92.1510884522,1.605952e-31,6.350577e-07,3.150871e-28,5.947185e-25
1.6,ExtSQD,10,-92.1505082890,1.173434e-08,7.336669e-30,2.734639e-28,2.906470e-29
1.6,ExtSQD,11,-92.1426607332,4.645873e-34,8.224224e-29,1.352315e-24,5.929479e-25
1.6,ExtSQD,12,-92.1346626555,6.310051e-30,6.032738e-26,1.402749e-06,8.672296e-06
1.6,ExtSQD,13,-92.1137217299,3.312322e-09,6.218528e-28,2.118456e-31,7.314399e-28
1.6,ExtSQD,14,-92.1137026674,1.901798e-29,1.448282e-07,2.954681e-24,1.876570e-22
1.6,CIPSI_EN_SQD,0,-92.2781590824,9.998860e-01,1.727313e-27,3.232793e-31,1.307484e-34
1.6,CIPSI_EN_SQD,1,-92.2780266159,1.727113e-27,9.999263e-01,3.932528e-24,1.119699e-28
1.6,CIPSI_EN_SQD,2,-92.2746096401,2.292896e-31,3.923743e-24,9.999062e-01,1.112824e-07
1.6,CIPSI_EN_SQD,3,-92.2121693867,2.214439e-32,1.135294e-28,1.046625e-07,9.997585e-01
1.6,CIPSI_EN_SQD,4,-92.1891349074,8.609912e-07,1.201004e-28,1.920748e-27,8.948563e-27
1.6,CIPSI_EN_SQD,5,-92.1888410696,3.776864e-29,8.695343e-09,1.736582e-27,2.030842e-25
1.6,CIPSI_EN_SQD,6,-92.1774370017,3.986072e-34,1.925695e-28,3.818110e-07,4.717315e-05
1.6,CIPSI_EN_SQD,7,-92.1619687632,4.244692e-36,4.941358e-28,4.123967e-25,5.260338e-26
1.6,CIPSI_EN_SQD,8,-92.1613916326,2.103465e-31,9.822638e-28,2.037218e-08,2.493028e-06
1.6,CIPSI_EN_SQD,9,-92.1515248627,1.975662e-33,2.810482e-09,4.439278e-29,1.553298e-27
1.6,CIPSI_EN_SQD,10,-92.1513378181,5.482145e-08,9.051369e-29,2.502520e-27,2.387388e-27
1.6,CIPSI_EN_SQD,11,-92.1434204945,1.335942e-32,1.146399e-32,1.201459e-25,3.905063e-25
1.6,CIPSI_EN_SQD,12,-92.1374482961,6.164823e-31,5.807288e-27,2.052478e-08,2.194333e-07
1.6,CIPSI_EN_SQD,13,-92.1143485648,6.141210e-32,3.195739e-08,5.644956e-29,5.116127e-27
1.6,CIPSI_EN_SQD,14,-92.1091648055,5.628267e-30,2.027144e-27,1.666545e-23,9.343028e-22
1.7,ExtSQD,0,-92.2485499850,9.996894e-01,1.059275e-27,2.864676e-33,7.267042e-32
1.7,ExtSQD,1,-92.2478516745,1.040120e-27,9.996069e-01,1.175349e-26,1.255714e-26
1.7,ExtSQD,2,-92.2380817774,5.028239e-32,1.003409e-26,9.994483e-01,4.673572e-05
1.7,ExtSQD,3,-92.1942009992,3.197142e-31,1.027148e-26,4.587112e-05,9.979577e-01
1.7,ExtSQD,4,-92.1823468151,9.669733e-06,1.092023e-26,4.481574e-27,6.711625e-27
1.7,ExtSQD,5,-92.1820400373,2.094438e-28,1.027454e-06,1.803812e-27,2.756656e-26
1.7,ExtSQD,6,-92.1545934473,9.403992e-32,2.311650e-27,2.069148e-05,4.668781e-04
1.7,ExtSQD,7,-92.1450882497,9.444364e-34,6.052108e-27,1.775054e-26,5.565247e-26
1.7,ExtSQD,8,-92.1445116345,1.765733e-32,2.782798e-28,1.625464e-06,1.640713e-04
1.7,ExtSQD,9,-92.1433825493,2.821234e-31,1.195510e-06,1.617172e-27,5.562482e-29
1.7,ExtSQD,10,-92.1426275567,2.082150e-08,1.784833e-27,1.926584e-28,1.957315e-28
1.7,ExtSQD,11,-92.1375295226,3.351538e-31,1.468861e-26,4.632147e-06,2.545503e-05
1.7,ExtSQD,12,-92.1282578212,2.038439e-33,3.531293e-27,3.539143e-27,6.894274e-27
1.7,ExtSQD,13,-92.1079837919,9.816781e-08,8.537489e-30,6.650743e-29,1.092641e-28
1.7,ExtSQD,14,-92.1079620032,3.612732e-32,7.450690e-07,1.005554e-25,1.565572e-24
1.7,CIPSI_EN_SQD,0,-92.2489160430,9.998869e-01,3.958498e-27,1.518168e-32,2.960875e-32
1.7,CIPSI_EN_SQD,1,-92.2484638043,3.966249e-27,9.999280e-01,2.462578e-25,5.880480e-28
1.7,CIPSI_EN_SQD,2,-92.2387894468,6.960994e-36,2.439940e-25,9.999039e-01,4.995256e-07
1.7,CIPSI_EN_SQD,3,-92.1959524806,7.326027e-34,5.820998e-28,4.873924e-07,9.998200e-01
1.7,CIPSI_EN_SQD,4,-92.1829972986,3.913289e-06,3.115261e-28,1.895869e-27,2.658445e-27
1.7,CIPSI_EN_SQD,5,-92.1829314088,1.021253e-28,2.580704e-08,1.388036e-27,9.632136e-28
1.7,CIPSI_EN_SQD,6,-92.1567507392,5.867954e-32,3.475296e-28,9.308970e-07,1.435773e-05
1.7,CIPSI_EN_SQD,7,-92.1464066205,1.643257e-31,3.253089e-27,5.004188e-28,1.876102e-26
1.7,CIPSI_EN_SQD,8,-92.1458898837,2.599412e-31,8.776432e-28,7.136380e-08,1.395746e-07
1.7,CIPSI_EN_SQD,9,-92.1439369528,1.550293e-28,2.605548e-10,1.088704e-29,1.890490e-27
1.7,CIPSI_EN_SQD,10,-92.1437430987,2.865434e-07,1.556490e-27,1.033316e-27,4.792193e-28
1.7,CIPSI_EN_SQD,11,-92.1407869840,1.323257e-32,7.104194e-27,4.717620e-09,8.501028e-07
1.7,CIPSI_EN_SQD,12,-92.1293853132,2.005023e-33,2.528639e-27,5.188177e-27,2.579642e-27
1.7,CIPSI_EN_SQD,13,-92.1087387615,6.322597e-28,1.073863e-07,3.413123e-26,4.308912e-26
1.7,CIPSI_EN_SQD,14,-92.1087319751,2.743829e-09,2.604715e-26,5.474016e-29,2.803415e-30
1.8,ExtSQD,0,-92.2187330904,9.996574e-01,1.496420e-26,2.701816e-28,8.809076e-28
1.8,ExtSQD,1,-92.2181877362,1.481859e-26,9.995569e-01,7.174267e-23,1.396908e-22
1.8,ExtSQD,2,-92.2056663989,7.624198e-31,3.175184e-23,9.992523e-01,1.758946e-04
1.8,ExtSQD,3,-92.1769993241,1.758173e-28,2.366334e-21,1.697550e-04,9.972975e-01
1.8,ExtSQD,4,-92.1718859110,3.679260e-05,1.315114e-27,1.664280e-26,1.683209e-24
1.8,ExtSQD,5,-92.1715541705,9.606467e-28,3.450994e-06,1.862365e-21,1.249979e-21
1.8,ExtSQD,6,-92.1367567236,1.387913e-30,5.980837e-20,1.535583e-05,3.587762e-05
1.8,ExtSQD,7,-92.1360755002,8.096859e-30,4.242509e-21,1.735416e-06,5.519078e-04
1.8,ExtSQD,8,-92.1318622397,1.667354e-28,8.707689e-21,7.359906e-06,3.464035e-04
1.8,ExtSQD,9,-92.1304184278,7.057256e-29,1.726344e-06,7.565001e-22,1.569904e-21
1.8,ExtSQD,10,-92.1292246911,4.134863e-06,1.053924e-28,9.052497e-29,5.569221e-28
1.8,ExtSQD,11,-92.1262250403,2.880286e-31,6.865436e-28,3.953367e-28,2.625922e-24
1.8,ExtSQD,12,-92.1111307480,4.350233e-31,5.549919e-28,1.418496e-25,2.334777e-24
1.8,ExtSQD,13,-92.0979723478,1.801738e-27,2.804607e-06,2.385077e-19,1.742168e-19
1.8,ExtSQD,14,-92.0978422743,5.829739e-06,6.634018e-28,4.377048e-31,9.806928e-29
1.8,CIPSI_EN_SQD,0,-92.2190755222,9.999084e-01,1.177995e-27,4.806583e-31,1.690275e-29
1.8,CIPSI_EN_SQD,1,-92.2187831093,1.173271e-27,9.999246e-01,5.342194e-25,1.488072e-24
1.8,CIPSI_EN_SQD,2,-92.2063183352,2.710197e-30,1.987069e-25,9.998943e-01,2.341868e-06
1.8,CIPSI_EN_SQD,3,-92.1787059547,4.817827e-31,5.618803e-23,2.302655e-06,9.997760e-01
1.8,CIPSI_EN_SQD,4,-92.1728460220,5.447938e-06,1.787916e-27,3.587180e-28,3.926238e-26
1.8,CIPSI_EN_SQD,5,-92.1724320351,1.681825e-30,1.058229e-07,3.255859e-26,5.540007e-24
1.8,CIPSI_EN_SQD,6,-92.1397000620,2.634825e-29,1.751380e-22,3.173534e-08,2.009772e-06
1.8,CIPSI_EN_SQD,7,-92.1381424127,8.699096e-30,2.291315e-23,4.461701e-07,3.372553e-05
1.8,CIPSI_EN_SQD,8,-92.1334915295,8.101193e-30,1.269269e-22,1.049180e-07,8.294291e-08
1.8,CIPSI_EN_SQD,9,-92.1309803045,2.844936e-07,1.165736e-26,3.387644e-27,7.903750e-28
1.8,CIPSI_EN_SQD,10,-92.1309418298,1.332913e-31,3.723767e-09,3.170255e-25,1.500162e-24
1.8,CIPSI_EN_SQD,11,-92.1274631393,5.100919e-35,2.565405e-29,2.023097e-26,2.542245e-25
1.8,CIPSI_EN_SQD,12,-92.1128102289,1.855194e-32,9.438522e-31,2.200003e-26,1.371922e-26
1.8,CIPSI_EN_SQD,13,-92.0989962715,9.275576e-11,3.363914e-28,1.144642e-28,6.274589e-28
1.8,CIPSI_EN_SQD,14,-92.0989948438,4.825004e-31,4.473709e-08,2.918409e-21,1.917968e-21
1.9,ExtSQD,0,-92.1958630563,9.992437e-01,2.474434e-26,3.959247e-30,8.812807e-28
1.9,ExtSQD,1,-92.1946165196,2.518424e-26,9.991430e-01,6.595943e-25,6.584797e-27
1.9,ExtSQD,2,-92.1789472219,5.407923e-31,6.006501e-25,9.968495e-01,2.039171e-03
1.9,ExtSQD,3,-92.1619832568,2.353324e-04,6.648433e-27,2.086344e-26,4.988812e-24
1.9,ExtSQD,4,-92.1616105322,4.784777e-27,2.755652e-26,1.949120e-03,9.931345e-01
1.9,ExtSQD,5,-92.1609916200,2.596378e-27,8.920931e-05,7.001380e-27,5.987260e-23
1.9,ExtSQD,6,-92.1343425522,2.409145e-26,8.170820e-28,8.110881e-05,1.721598e-03
1.9,ExtSQD,7,-92.1201676844,1.265307e-26,9.808105e-31,1.528842e-06,2.793055e-04
1.9,ExtSQD,8,-92.1172398993,4.957075e-27,5.275500e-27,2.177747e-05,3.196838e-04
1.9,ExtSQD,9,-92.1164492467,1.406628e-30,1.223057e-05,1.900897e-26,4.894391e-27
1.9,ExtSQD,10,-92.1144830418,1.994187e-05,3.869445e-27,3.696042e-27,7.672490e-27
1.9,ExtSQD,11,-92.1109110410,1.213454e-29,1.330959e-27,4.657877e-29,3.270679e-27
1.9,ExtSQD,12,-92.0970285120,5.198054e-32,4.717963e-28,1.730175e-27,1.757873e-27
1.9,ExtSQD,13,-92.0867440596,2.262260e-28,2.013643e-05,4.111431e-28,2.643826e-27
1.9,ExtSQD,14,-92.0865580248,2.983899e-05,6.317166e-29,1.554695e-25,4.571651e-26
1.9,CIPSI_EN_SQD,0,-92.1964480857,9.999077e-01,9.046097e-29,9.832409e-32,3.376718e-29
1.9,CIPSI_EN_SQD,1,-92.1955577305,9.968894e-29,9.999191e-01,4.627153e-26,8.272768e-27
1.9,CIPSI_EN_SQD,2,-92.1801218144,8.170104e-32,4.533671e-26,9.998947e-01,3.985714e-06
1.9,CIPSI_EN_SQD,3,-92.1640911090,3.619607e-29,8.515591e-27,3.931846e-06,9.998148e-01
1.9,CIPSI_EN_SQD,4,-92.1634631635,7.724013e-06,3.596971e-26,5.028599e-28,5.606704e-27
1.9,CIPSI_EN_SQD,5,-92.1623728175,6.259552e-29,3.177795e-11,1.569092e-25,9.696691e-23
1.9,CIPSI_EN_SQD,6,-92.1378391178,4.998804e-31,1.730225e-26,2.742787e-07,1.992332e-06
1.9,CIPSI_EN_SQD,7,-92.1224143036,7.664741e-33,3.315312e-29,3.207597e-10,2.193981e-05
1.9,CIPSI_EN_SQD,8,-92.1193945691,1.044616e-30,2.750566e-28,1.075054e-07,1.414763e-06
1.9,CIPSI_EN_SQD,9,-92.1174033795,7.688177e-07,8.658470e-28,3.784924e-27,4.393935e-27
1.9,CIPSI_EN_SQD,10,-92.1173526892,2.317997e-27,6.122658e-10,2.471176e-26,2.792635e-26
1.9,CIPSI_EN_SQD,11,-92.1123805176,4.851687e-34,1.711152e-27,5.153816e-28,6.537801e-28
1.9,CIPSI_EN_SQD,12,-92.0991200482,4.441316e-33,1.442427e-27,2.452979e-28,5.372264e-27
1.9,CIPSI_EN_SQD,13,-92.0884959011,8.614832e-08,7.966451e-31,1.427895e-31,1.685744e-29
1.9,CIPSI_EN_SQD,14,-92.0884892759,1.303015e-31,6.978535e-09,3.098373e-28,6.043978e-27
2.0,ExtSQD,0,-92.1900447721,9.979047e-01,6.093766e-25,6.512053e-27,1.257963e-03
2.0,ExtSQD,1,-92.1893469901,3.270432e-25,9.978106e-01,6.656174e-19,5.040853e-24
2.0,ExtSQD,2,-92.1699353900,3.607242e-23,4.707094e-19,9.928590e-01,6.249054e-22
2.0,ExtSQD,3,-92.1644722612,1.162530e-03,3.180389e-23,4.572957e-23,9.949601e-01
2.0,ExtSQD,4,-92.1644357957,2.830927e-26,8.938594e-04,9.722386e-17,4.764043e-23
2.0,ExtSQD,5,-92.1609235245,1.226961e-23,5.804446e-24,5.652074e-03,2.743084e-22
2.0,ExtSQD,6,-92.1427542436,7.484220e-24,4.209726e-18,1.918373e-04,2.599092e-22
2.0,ExtSQD,7,-92.1176136646,1.093604e-23,6.397438e-17,1.231544e-05,5.736204e-22
2.0,ExtSQD,8,-92.1164161098,2.472804e-23,4.854989e-05,5.344506e-17,1.926371e-21
2.0,ExtSQD,9,-92.1136124522,5.912628e-05,1.305045e-22,6.466191e-23,1.216487e-03
2.0,ExtSQD,10,-92.1081217308,9.085756e-25,1.462207e-17,1.389125e-05,1.430302e-23
2.0,ExtSQD,11,-92.1081207653,3.590062e-24,5.344895e-19,3.017202e-19,1.955376e-24
2.0,ExtSQD,12,-92.0939094019,5.426194e-23,3.142001e-18,4.524629e-18,1.711161e-22
2.0,ExtSQD,13,-92.0873070833,2.654698e-20,5.987212e-05,1.327478e-13,1.368736e-21
2.0,ExtSQD,14,-92.0872519697,7.244372e-05,4.481179e-20,1.119367e-18,3.058800e-04
2.0,CIPSI_EN_SQD,0,-92.1906959864,9.998706e-01,2.723631e-24,2.152236e-26,1.046248e-05
2.0,CIPSI_EN_SQD,1,-92.1904183297,1.919619e-27,9.998840e-01,4.675946e-23,8.796304e-25
2.0,CIPSI_EN_SQD,2,-92.1710391582,2.971666e-25,8.200310e-23,9.998382e-01,3.740711e-24
2.0,CIPSI_EN_SQD,3,-92.1662928745,1.024926e-05,1.163217e-21,1.273143e-23,9.998412e-01
2.0,CIPSI_EN_SQD,4,-92.1660109582,8.906268e-23,1.442397e-06,9.584148e-23,8.828256e-23
2.0,CIPSI_EN_SQD,5,-92.1625482039,9.723681e-25,3.759471e-22,2.750850e-05,2.668198e-26
2.0,CIPSI_EN_SQD,6,-92.1456492694,1.100668e-22,1.595075e-22,1.810081e-07,1.721803e-24
2.0,CIPSI_EN_SQD,7,-92.1196836750,3.357794e-23,1.287594e-20,8.111257e-07,2.142871e-26
2.0,CIPSI_EN_SQD,8,-92.1173833349,1.471164e-21,7.405586e-08,2.165741e-20,5.993523e-22
2.0,CIPSI_EN_SQD,9,-92.1173499866,7.549797e-07,2.544155e-24,1.044123e-25,4.011909e-06
2.0,CIPSI_EN_SQD,10,-92.1098324294,2.416830e-23,3.591953e-21,8.903976e-07,2.460117e-24
2.0,CIPSI_EN_SQD,11,-92.1097546054,1.094588e-24,3.596196e-22,1.039445e-24,2.861515e-24
2.0,CIPSI_EN_SQD,12,-92.0967736603,3.091517e-24,1.258353e-20,2.529576e-24,1.575132e-23
2.0,CIPSI_EN_SQD,13,-92.0897201818,2.772147e-17,1.645577e-10,2.636471e-18,4.232099e-16
2.0,CIPSI_EN_SQD,14,-92.0897199352,5.603894e-08,9.989579e-21,3.418889e-22,8.860642e-07
2.1,ExtSQD,0,-92.1749024794,2.816361e-19,9.837712e-01,4.441770e-18,1.357810e-19
2.1,ExtSQD,1,-92.1745296100,9.748675e-01,2.237126e-16,1.753970e-15,2.089013e-02
2.1,ExtSQD,2,-92.1561613782,8.106495e-18,3.298865e-18,7.037555e-01,9.419701e-18
2.1,ExtSQD,3,-92.1552040569,4.418568e-19,1.074324e-02,9.677981e-17,9.619598e-19
2.1,ExtSQD,4,-92.1545553935,1.916966e-02,2.248874e-16,8.486215e-16,9.708749e-01
2.1,ExtSQD,5,-92.1443658722,3.122293e-20,2.357024e-21,1.462710e-01,3.927828e-20
2.1,ExtSQD,6,-92.1118432427,6.825815e-20,4.394546e-18,6.194873e-02,9.916591e-21
2.1,ExtSQD,7,-92.0969066150,1.477577e-18,3.706686e-20,3.264554e-16,3.526653e-19
2.1,ExtSQD,8,-92.0965926602,1.763352e-17,4.928802e-17,5.851480e-04,1.580507e-17
2.1,ExtSQD,9,-92.0938696556,4.475214e-04,9.831626e-16,1.243837e-16,4.031556e-04
2.1,ExtSQD,10,-92.0934036600,7.262912e-20,4.724086e-04,8.448747e-15,1.295999e-16
2.1,ExtSQD,11,-92.0913401070,5.163537e-18,6.386531e-17,3.480034e-02,1.467549e-18
2.1,ExtSQD,12,-92.0862982179,1.050607e-16,2.109427e-04,4.858565e-16,1.989320e-16
2.1,ExtSQD,13,-92.0853864911,3.401689e-04,1.617236e-11,1.866235e-11,6.607548e-04
2.1,ExtSQD,14,-92.0817437630,2.579176e-18,2.722707e-17,2.234764e-16,3.788814e-18
2.1,CIPSI_EN_SQD,0,-92.1773299982,9.998321e-01,3.846577e-21,3.412822e-23,6.100485e-05
2.1,CIPSI_EN_SQD,1,-92.1772279295,8.730364e-21,9.997643e-01,4.294971e-25,1.027578e-22
2.1,CIPSI_EN_SQD,2,-92.1591392705,6.014579e-05,6.949355e-24,1.030690e-22,9.997744e-01
2.1,CIPSI_EN_SQD,3,-92.1589192994,1.518302e-22,1.100401e-04,2.387637e-22,5.119937e-20
2.1,CIPSI_EN_SQD,4,-92.1587434994,1.530547e-26,3.917943e-24,9.984595e-01,5.802195e-24
2.1,CIPSI_EN_SQD,5,-92.1549008303,4.984511e-25,1.307971e-24,1.372189e-03,2.658250e-24
2.1,CIPSI_EN_SQD,6,-92.1447614278,1.094244e-23,1.067220e-23,4.041598e-05,1.632691e-23
2.1,CIPSI_EN_SQD,7,-92.1071779086,1.644567e-24,3.218812e-25,8.408707e-08,2.879111e-26
2.1,CIPSI_EN_SQD,8,-92.1043972982,6.737374e-07,1.195292e-21,4.123383e-22,4.672365e-06
2.1,CIPSI_EN_SQD,9,-92.1042896645,1.511826e-22,1.853375e-06,5.032360e-23,2.351357e-24
2.1,CIPSI_EN_SQD,10,-92.1002963043,1.017401e-23,1.709592e-22,2.667211e-09,2.167272e-23
2.1,CIPSI_EN_SQD,11,-92.1001606928,9.446804e-25,4.230723e-23,3.317340e-27,3.160738e-25
2.1,CIPSI_EN_SQD,12,-92.0909271605,5.673211e-09,1.428055e-20,5.861242e-21,2.074665e-07
2.1,CIPSI_EN_SQD,13,-92.0906781555,1.505976e-20,1.031949e-07,2.680226e-21,9.316048e-20
2.1,CIPSI_EN_SQD,14,-92.0882234993,2.701912e-23,3.488836e-20,5.278283e-25,5.800533e-24
2.2,ExtSQD,0,-92.1651528418,7.599113e-25,9.762714e-01,1.064148e-25,3.183430e-23
2.2,ExtSQD,1,-92.1647743852,9.655107e-01,7.807736e-25,1.257694e-19,3.045046e-02
2.2,ExtSQD,2,-92.1498465849,5.816339e-21,8.499963e-25,6.501724e-01,1.480942e-20
2.2,ExtSQD,3,-92.1498026622,3.820420e-26,1.821119e-02,4.476471e-23,1.588463e-21
2.2,ExtSQD,4,-92.1490494548,2.825336e-02,1.031733e-26,2.019392e-21,9.609846e-01
2.2,ExtSQD,5,-92.1418176260,2.744851e-22,8.406372e-26,1.797110e-01,8.971895e-23
2.2,ExtSQD,6,-92.1054175874,1.812730e-22,8.276876e-27,8.616694e-02,1.143985e-22
2.2,ExtSQD,7,-92.0997419873,1.402003e-26,5.879849e-04,1.354754e-25,2.203037e-24
2.2,ExtSQD,8,-92.0989851806,6.933048e-04,9.280506e-28,6.281650e-19,1.158161e-03
2.2,ExtSQD,9,-92.0902787976,4.625248e-19,2.570643e-27,4.457729e-23,1.582299e-19
2.2,ExtSQD,10,-92.0899542951,3.767495e-21,8.973267e-29,9.547653e-05,1.984729e-20
2.2,ExtSQD,11,-92.0816059299,1.757091e-04,2.941999e-26,1.239094e-20,1.501334e-04
2.2,ExtSQD,12,-92.0808314825,4.136468e-26,1.401218e-04,5.160013e-26,3.876066e-27
2.2,ExtSQD,13,-92.0781855624,3.848636e-18,1.851731e-26,2.331514e-02,3.020698e-18
2.2,ExtSQD,14,-92.0748420206,6.634299e-23,4.999439e-27,5.378896e-22,2.427864e-22
2.2,CIPSI_EN_SQD,0,-92.1674832742,3.406236e-22,9.998819e-01,3.017030e-28,2.964859e-26
2.2,CIPSI_EN_SQD,1,-92.1674823861,9.998800e-01,3.405909e-22,5.122412e-27,3.974141e-05
2.2,CIPSI_EN_SQD,2,-92.1536064662,3.934798e-05,2.147690e-24,2.683083e-24,9.998535e-01
2.2,CIPSI_EN_SQD,3,-92.1535951289,1.632346e-24,4.196052e-05,1.176504e-23,3.308558e-20
2.2,CIPSI_EN_SQD,4,-92.1515677089,7.796555e-27,4.705482e-27,9.908574e-01,2.137899e-24
2.2,CIPSI_EN_SQD,5,-92.1499223289,4.888222e-27,8.458664e-26,9.019951e-03,3.699633e-24
2.2,CIPSI_EN_SQD,6,-92.1442931951,8.640604e-28,3.196308e-26,3.141088e-05,2.268896e-26
2.2,CIPSI_EN_SQD,7,-92.1045928056,9.876767e-08,2.970915e-27,4.052283e-28,2.571131e-08
2.2,CIPSI_EN_SQD,8,-92.1045877850,5.374450e-30,3.967709e-07,6.948881e-27,1.599244e-27
2.2,CIPSI_EN_SQD,9,-92.0949676038,4.950755e-29,2.898803e-28,9.438979e-09,1.266763e-27
2.2,CIPSI_EN_SQD,10,-92.0936737151,9.710494e-28,9.629090e-29,1.983022e-08,1.083114e-27
2.2,CIPSI_EN_SQD,11,-92.0936291748,1.246912e-26,1.649739e-28,1.357569e-26,4.352478e-29
2.2,CIPSI_EN_SQD,12,-92.0920690478,1.532548e-07,4.784055e-30,7.991196e-27,7.781397e-07
2.2,CIPSI_EN_SQD,13,-92.0920083834,1.427119e-28,2.170261e-07,1.225434e-28,3.912732e-27
2.2,CIPSI_EN_SQD,14,-92.0828825872,1.232324e-28,1.249951e-29,1.716067e-26,3.425974e-27
2.3,ExtSQD,0,-92.1594951803,9.932743e-01,4.406579e-20,1.240125e-17,5.474688e-03
2.3,ExtSQD,1,-92.1588886395,2.561873e-19,9.978755e-01,9.138712e-20,7.707121e-18
2.3,ExtSQD,2,-92.1490155205,5.434753e-03,1.557787e-19,1.195050e-16,9.928807e-01
2.3,ExtSQD,3,-92.1476609226,2.019372e-19,7.832070e-04,7.863653e-20,6.790027e-18
2.3,ExtSQD,4,-92.1455276027,7.401856e-18,5.068107e-20,9.593624e-01,3.303528e-16
2.3,ExtSQD,5,-92.1443251745,1.153756e-16,1.693837e-19,1.947488e-03,2.241860e-15
2.3,ExtSQD,6,-92.1413084670,6.200861e-16,2.843070e-19,3.681329e-02,6.392475e-15
2.3,ExtSQD,7,-92.1133786107,9.051210e-06,1.013897e-17,9.326354e-16,3.005695e-04
2.3,ExtSQD,8,-92.1114520318,3.993973e-17,1.778156e-06,4.295216e-18,2.299539e-17
2.3,ExtSQD,9,-92.0886542816,7.937097e-17,3.744431e-19,4.693785e-18,6.682886e-18
2.3,ExtSQD,10,-92.0883701464,1.002817e-16,1.430591e-18,2.686898e-05,8.864660e-17
2.3,ExtSQD,11,-92.0817589520,3.129993e-15,1.767577e-18,2.331167e-05,1.878991e-14
2.3,ExtSQD,12,-92.0803037096,6.006627e-06,3.525963e-11,2.504893e-11,1.543340e-04
2.3,ExtSQD,13,-92.0800317836,6.013138e-17,4.384799e-06,6.850136e-18,2.243764e-15
2.3,ExtSQD,14,-92.0790726904,3.610311e-17,5.522479e-19,3.517314e-17,1.239111e-15
2.3,CIPSI_EN_SQD,0,-92.1614004349,9.998172e-01,6.986593e-21,8.774002e-19,1.841918e-05
2.3,CIPSI_EN_SQD,1,-92.1611111688,1.157575e-19,9.997067e-01,1.341582e-21,5.412322e-19
2.3,CIPSI_EN_SQD,2,-92.1505897520,1.815607e-05,5.899240e-21,9.781343e-18,9.997803e-01
2.3,CIPSI_EN_SQD,3,-92.1502148736,1.376255e-21,1.264853e-04,2.160860e-20,2.532409e-18
2.3,CIPSI_EN_SQD,4,-92.1480522536,2.229421e-21,1.757689e-21,9.831399e-01,6.424855e-19
2.3,CIPSI_EN_SQD,5,-92.1475459442,1.595367e-18,3.126839e-22,1.665235e-02,1.190865e-18
2.3,CIPSI_EN_SQD,6,-92.1447649088,2.774862e-18,5.986312e-22,3.374912e-05,4.757749e-17
2.3,CIPSI_EN_SQD,7,-92.1152222970,7.681122e-08,1.214283e-17,5.102284e-21,9.568247e-06
2.3,CIPSI_EN_SQD,8,-92.1149274122,4.322334e-19,9.773724e-07,3.203562e-19,1.875907e-21
2.3,CIPSI_EN_SQD,9,-92.0903976949,3.365478e-18,5.013892e-20,8.746935e-07,1.938282e-17
2.3,CIPSI_EN_SQD,10,-92.0903255196,3.226142e-18,1.086546e-20,1.842609e-19,2.534928e-17
2.3,CIPSI_EN_SQD,11,-92.0841375837,7.988223e-17,1.168164e-19,1.544041e-06,7.771431e-17
2.3,CIPSI_EN_SQD,12,-92.0821519578,1.278323e-07,6.281849e-13,1.291723e-12,2.385637e-10
2.3,CIPSI_EN_SQD,13,-92.0820537186,2.112015e-18,2.431439e-06,2.891235e-19,4.623694e-19
2.3,CIPSI_EN_SQD,14,-92.0809335624,3.569404e-17,9.021110e-20,7.764079e-20,8.512405e-17
2.4,ExtSQD,0,-92.1551843187,1.632463e-21,9.996768e-01,2.765168e-22,7.385625e-23
2.4,ExtSQD,1,-92.1545800471,9.907198e-01,7.464494e-22,1.831408e-26,8.190672e-03
2.4,ExtSQD,2,-92.1467008609,1.305277e-22,1.394373e-06,4.653052e-22,4.195742e-19
2.4,ExtSQD,3,-92.1456473688,7.997602e-03,4.687426e-23,2.053387e-25,9.904422e-01
2.4,ExtSQD,4,-92.1452356679,2.475748e-25,1.272140e-23,6.017734e-01,2.562552e-24
2.4,ExtSQD,5,-92.1423502937,2.153592e-25,8.507167e-22,2.600538e-01,3.412065e-24
2.4,ExtSQD,6,-92.1360618870,1.317156e-26,8.313713e-21,1.344420e-01,4.674629e-24
2.4,ExtSQD,7,-92.1219412384,1.778840e-24,2.063247e-05,3.732742e-21,2.930183e-23
2.4,ExtSQD,8,-92.1203777978,3.192728e-04,1.289567e-25,3.349758e-26,2.985771e-04
2.4,ExtSQD,9,-92.0856526324,1.975313e-28,1.830246e-31,1.091532e-26,3.404616e-27
2.4,ExtSQD,10,-92.0852278219,8.854481e-25,2.363375e-21,2.939130e-04,4.934163e-25
2.4,ExtSQD,11,-92.0830274545,7.516813e-22,1.943911e-05,4.618671e-20,4.586309e-22
2.4,ExtSQD,12,-92.0813391159,2.091572e-04,2.959360e-22,2.448499e-24,1.001106e-04
2.4,ExtSQD,13,-92.0780317157,3.132981e-28,3.192872e-28,5.808558e-26,1.269970e-26
2.4,ExtSQD,14,-92.0683082308,2.066269e-15,1.187136e-05,5.747647e-16,1.594658e-15
2.4,CIPSI_EN_SQD,0,-92.1554457582,9.998012e-01,4.952931e-22,1.852802e-28,1.024065e-04
2.4,CIPSI_EN_SQD,1,-92.1554173196,4.969060e-22,9.998791e-01,1.248971e-24,5.553325e-24
2.4,CIPSI_EN_SQD,2,-92.1468634783,1.103903e-25,1.501589e-05,4.863170e-25,4.408770e-19
2.4,CIPSI_EN_SQD,3,-92.1468290561,1.017806e-04,1.822906e-25,1.312679e-24,9.997855e-01
2.4,CIPSI_EN_SQD,4,-92.1456405991,2.074436e-29,3.303126e-24,8.056737e-01,4.248873e-26
2.4,CIPSI_EN_SQD,5,-92.1452469215,6.019982e-30,6.716283e-26,1.930755e-01,8.842171e-24
2.4,CIPSI_EN_SQD,6,-92.1437606163,1.722165e-29,8.485894e-28,1.147226e-03,5.090909e-25
2.4,CIPSI_EN_SQD,7,-92.1221196942,9.814977e-07,1.641132e-27,3.229974e-27,2.132535e-08
2.4,CIPSI_EN_SQD,8,-92.1221009046,3.690497e-28,3.359951e-06,5.103769e-30,3.537190e-25
2.4,CIPSI_EN_SQD,9,-92.0873653365,2.897628e-30,9.546350e-26,2.145852e-07,8.118795e-28
2.4,CIPSI_EN_SQD,10,-92.0873503584,5.761694e-32,4.135943e-28,2.968921e-26,6.913721e-29
2.4,CIPSI_EN_SQD,11,-92.0833445537,4.169651e-26,1.085304e-07,1.386761e-24,3.108487e-26
2.4,CIPSI_EN_SQD,12,-92.0833241829,3.803088e-07,1.497792e-25,1.367924e-27,8.671721e-08
2.4,CIPSI_EN_SQD,13,-92.0794632162,1.398648e-34,1.651039e-30,1.705646e-27,3.482822e-28
2.4,CIPSI_EN_SQD,14,-92.0735937112,3.706117e-29,1.042958e-22,1.222503e-08,5.219756e-27
2.5,ExtSQD,0,-92.1518691145,9.997182e-01,3.397380e-19,9.597402e-21,3.477143e-05
2.5,ExtSQD,1,-92.1511839727,2.958573e-20,9.862601e-01,5.029359e-23,3.245980e-22
2.5,ExtSQD,2,-92.1451881698,3.602960e-05,4.559724e-19,6.172813e-20,9.995744e-01
2.5,ExtSQD,3,-92.1443578702,3.889213e-20,2.757608e-18,5.535472e-01,2.669234e-22
2.5,ExtSQD,4,-92.1440315376,7.223733e-22,1.217307e-02,4.322992e-20,1.247288e-20
2.5,ExtSQD,5,-92.1419279816,2.091409e-20,1.305867e-18,2.888286e-01,6.472229e-22
2.5,ExtSQD,6,-92.1351597358,2.561348e-20,1.528525e-18,1.536753e-01,7.542412e-22
2.5,ExtSQD,7,-92.1276344820,2.441538e-05,1.734519e-17,4.302813e-18,1.952440e-04
2.5,ExtSQD,8,-92.1259778303,1.047815e-19,5.594632e-04,1.797916e-18,2.803499e-25
2.5,ExtSQD,9,-92.0853979607,1.771523e-05,1.284112e-17,3.767740e-18,8.677311e-06
2.5,ExtSQD,10,-92.0846159204,2.643786e-19,2.698628e-19,1.237779e-19,3.604666e-22
2.5,ExtSQD,11,-92.0845132042,3.669245e-20,1.999454e-18,2.210067e-04,8.362745e-22
2.5,ExtSQD,12,-92.0836117423,3.606013e-19,2.416682e-04,4.439150e-19,7.307186e-22
2.5,ExtSQD,13,-92.0785334436,2.429675e-19,2.191245e-18,8.082451e-19,2.495775e-20
2.5,ExtSQD,14,-92.0620363428,1.597633e-18,8.025169e-17,3.022368e-04,1.492650e-20
2.5,ExtSQD,15,-92.0614871372,3.690426e-10,2.670747e-16,5.945126e-17,9.214270e-10
2.5,ExtSQD,16,-92.0608896153,8.355448e-19,1.937494e-05,2.224288e-18,6.692723e-20
2.5,ExtSQD,17,-92.0537322226,9.664952e-07,2.176611e-15,5.180039e-16,6.956512e-07
2.5,ExtSQD,18,-92.0536338361,2.417133e-18,2.464560e-05,1.732854e-17,1.172547e-21
2.5,ExtSQD,19,-92.0516870446,5.551975e-19,2.770156e-17,8.620188e-05,4.707650e-21
2.5,ExtSQD,20,-92.0493649751,1.587821e-18,7.085198e-21,5.283883e-20,3.341573e-22
2.5,ExtSQD,21,-92.0474645436,1.001022e-17,9.263361e-19,2.082818e-19,5.554337e-19
2.5,ExtSQD,22,-92.0470635548,6.597292e-18,2.984185e-16,6.207561e-05,6.569636e-21
2.5,ExtSQD,23,-92.0407194247,1.888946e-15,2.407295e-15,1.158662e-18,1.439863e-15
2.5,ExtSQD,24,-92.0401807149,2.580271e-12,3.954645e-10,1.490508e-14,3.601880e-12
2.5,CIPSI_EN_SQD,0,-92.1520273398,3.658640e-22,9.997476e-01,2.438927e-26,5.520097e-23
2.5,CIPSI_EN_SQD,1,-92.1519997015,9.998248e-01,1.567451e-21,2.105637e-25,6.898220e-05
2.5,CIPSI_EN_SQD,2,-92.1452423230,5.687032e-23,1.568802e-04,1.005345e-22,1.377194e-21
2.5,CIPSI_EN_SQD,3,-92.1452333560,6.859978e-05,5.219148e-23,5.386485e-24,9.998272e-01
2.5,CIPSI_EN_SQD,4,-92.1446399389,3.830957e-26,3.198526e-26,5.777797e-01,1.324513e-24
2.5,CIPSI_EN_SQD,5,-92.1443884889,2.005998e-26,2.592169e-27,4.097887e-01,5.001612e-24
2.5,CIPSI_EN_SQD,6,-92.1436840406,6.785093e-26,2.799585e-28,1.233472e-02,1.101337e-28
2.5,CIPSI_EN_SQD,7,-92.1276913943,5.739864e-06,1.152593e-21,2.045469e-25,1.479764e-06
2.5,CIPSI_EN_SQD,8,-92.1276890145,1.024564e-21,5.945921e-06,8.854239e-27,2.950637e-22
2.5,CIPSI_EN_SQD,9,-92.0863462884,1.885491e-26,2.402068e-27,7.605822e-09,1.910928e-26
2.5,CIPSI_EN_SQD,10,-92.0863227205,4.814243e-25,2.695022e-24,8.975524e-28,3.135668e-22
2.5,CIPSI_EN_SQD,11,-92.0855970491,1.312775e-23,1.994261e-07,2.161188e-25,2.135958e-22
2.5,CIPSI_EN_SQD,12,-92.0855495859,1.792315e-07,1.135346e-22,6.303886e-30,1.101890e-07
2.5,CIPSI_EN_SQD,13,-92.0798475219,2.554529e-21,7.182515e-24,1.882855e-25,4.250927e-21
2.5,CIPSI_EN_SQD,14,-92.0653539019,3.703976e-26,1.272310e-25,5.215974e-08,2.352270e-25
2.5,CIPSI_EN_SQD,15,-92.0634036625,1.044476e-22,1.440732e-08,5.497291e-27,2.976656e-23
2.5,CIPSI_EN_SQD,16,-92.0633784263,2.209415e-07,2.360453e-22,1.073287e-26,4.295101e-07
2.5,CIPSI_EN_SQD,17,-92.0545089716,2.070940e-07,1.847963e-21,1.017429e-24,3.375788e-07
2.5,CIPSI_EN_SQD,18,-92.0545074397,4.798898e-24,1.645188e-08,1.684287e-25,5.013108e-22
2.5,CIPSI_EN_SQD,19,-92.0535892802,2.224715e-23,6.021365e-24,1.725375e-08,4.351181e-25
2.5,CIPSI_EN_SQD,20,-92.0500812126,1.802281e-17,2.239274e-22,7.382811e-25,1.910333e-17
2.5,CIPSI_EN_SQD,21,-92.0488966580,7.587047e-23,3.912248e-23,1.725985e-09,1.682150e-25
2.5,CIPSI_EN_SQD,22,-92.0488744782,1.396631e-18,5.890385e-22,3.905800e-24,9.926549e-19
2.5,CIPSI_EN_SQD,23,-92.0425481539,8.249177e-18,7.235645e-10,1.017089e-24,8.184737e-18
2.5,CIPSI_EN_SQD,24,-92.0424917545,2.171523e-12,4.642116e-19,3.203223e-20,1.070579e-09
2.6,ExtSQD,0,-92.1502442710,9.446148e-01,4.296733e-18,9.281188e-18,5.434422e-02
2.6,ExtSQD,1,-92.1501375177,1.035362e-18,9.496156e-01,9.770829e-17,6.066192e-16
2.6,ExtSQD,2,-92.1451847149,8.686090e-18,3.261206e-18,4.798228e-01,1.643429e-17
2.6,ExtSQD,3,-92.1431923040,7.414081e-19,4.876035e-02,3.303998e-16,1.124396e-17
2.6,ExtSQD,4,-92.1431401061,5.389599e-02,1.276549e-15,4.087393e-15,9.324064e-01
2.6,ExtSQD,5,-92.1429672024,2.502572e-16,1.421551e-16,3.556282e-01,6.222452e-15
2.6,ExtSQD,6,-92.1374348946,5.619326e-15,1.937297e-16,1.612542e-01,2.260416e-14
2.6,ExtSQD,7,-92.1298132708,6.549158e-18,1.475504e-06,8.304634e-16,9.600898e-16
2.6,ExtSQD,8,-92.1297256026,6.031178e-05,1.112332e-15,8.003161e-16,1.045058e-02
2.6,ExtSQD,9,-92.0862019618,2.692312e-06,2.957818e-14,1.072509e-15,5.717506e-05
2.6,ExtSQD,10,-92.0857781488,4.452167e-16,1.147091e-04,1.558456e-15,1.052388e-14
2.6,ExtSQD,11,-92.0855041946,6.532593e-18,1.348730e-16,8.952600e-05,3.781807e-15
2.6,ExtSQD,12,-92.0853057007,1.742186e-16,8.156858e-17,5.851373e-18,7.489365e-16
2.6,ExtSQD,13,-92.0795032922,2.333915e-15,6.850473e-17,4.172029e-17,5.153681e-15
2.6,ExtSQD,14,-92.0570620808,2.133710e-14,2.245802e-13,4.896216e-05,2.427903e-13
2.6,CIPSI_EN_SQD,0,-92.1510674349,9.984904e-01,5.892649e-19,1.330569e-21,1.339414e-03
2.6,CIPSI_EN_SQD,1,-92.1509615286,3.574765e-19,9.998661e-01,2.522856e-21,1.953866e-18
2.6,CIPSI_EN_SQD,2,-92.1456895110,1.666148e-19,1.938245e-05,1.670237e-21,4.501496e-18
2.6,CIPSI_EN_SQD,3,-92.1455788945,1.327510e-03,2.327935e-19,1.552295e-19,9.980890e-01
2.6,CIPSI_EN_SQD,4,-92.1450924713,1.305624e-19,4.309580e-20,2.755220e-01,3.722692e-21
2.6,CIPSI_EN_SQD,5,-92.1448817100,5.103601e-20,3.867861e-21,4.764249e-01,4.677519e-18
2.6,CIPSI_EN_SQD,6,-92.1447495640,1.079070e-18,4.095927e-21,2.479039e-01,6.921376e-18
2.6,CIPSI_EN_SQD,7,-92.1331267782,1.311518e-20,4.631457e-06,4.901444e-22,1.631965e-18
2.6,CIPSI_EN_SQD,8,-92.1330748256,2.044861e-05,3.755129e-19,7.684179e-18,3.138344e-04
2.6,CIPSI_EN_SQD,9,-92.0886311651,5.336023e-07,3.556881e-17,1.513852e-17,4.265129e-06
2.6,CIPSI_EN_SQD,10,-92.0881031516,2.694390e-18,5.469563e-09,6.066799e-19,1.751705e-17
2.6,CIPSI_EN_SQD,11,-92.0871339185,4.689057e-18,7.442607e-19,1.171261e-07,4.408972e-17
2.6,CIPSI_EN_SQD,12,-92.0871241946,2.323296e-17,5.527009e-19,1.159154e-20,4.659149e-17
2.6,CIPSI_EN_SQD,13,-92.0822742377,5.545660e-17,9.247115e-19,7.235474e-21,7.866384e-17
2.6,CIPSI_EN_SQD,14,-92.0594284247,3.543460e-17,1.167734e-18,1.713690e-07,1.099327e-15
2.7,ExtSQD,0,-92.1486792015,9.172832e-01,6.322801e-17,3.805212e-16,8.120789e-02
2.7,ExtSQD,1,-92.1485729559,8.609106e-17,9.231438e-01,4.470720e-16,2.348385e-16
2.7,ExtSQD,2,-92.1450325768,1.346683e-17,8.677622e-16,4.643341e-01,1.694028e-16
2.7,ExtSQD,3,-92.1428581758,1.578350e-15,8.499044e-17,3.631524e-01,2.991067e-15
2.7,ExtSQD,4,-92.1426510470,2.938487e-17,7.502038e-02,3.508017e-17,2.560792e-16
2.7,ExtSQD,5,-92.1425893109,8.095601e-02,1.001660e-15,3.363860e-16,8.943946e-01
2.7,ExtSQD,6,-92.1373509425,3.343108e-16,2.940742e-17,1.692113e-01,2.280794e-15
2.7,ExtSQD,7,-92.1329448638,1.888349e-15,9.669981e-06,4.505314e-16,2.498847e-15
2.7,ExtSQD,8,-92.1328463008,2.159878e-04,1.005821e-15,1.264019e-15,2.145982e-02
2.7,ExtSQD,9,-92.0871268367,7.626240e-06,8.553028e-16,1.259884e-16,3.604465e-05
2.7,ExtSQD,10,-92.0866732198,2.137600e-15,1.632734e-04,1.158071e-15,7.702648e-16
2.7,ExtSQD,11,-92.0854209374,3.044561e-15,8.558615e-16,9.839798e-05,5.526946e-15
2.7,ExtSQD,12,-92.0852483621,1.461579e-16,5.607359e-16,2.216051e-16,1.239651e-16
2.7,ExtSQD,13,-92.0806424416,2.170748e-15,1.484759e-15,4.939103e-16,1.931981e-15
2.7,ExtSQD,14,-92.0523760102,1.819339e-13,1.242566e-11,2.225389e-05,1.640010e-12
2.7,CIPSI_EN_SQD,0,-92.1494661209,9.957999e-01,1.256296e-16,6.277184e-19,3.957188e-03
2.7,CIPSI_EN_SQD,1,-92.1494098105,1.348904e-16,9.998802e-01,9.761988e-21,7.070009e-18
2.7,CIPSI_EN_SQD,2,-92.1453398303,7.620959e-21,1.071805e-05,4.503417e-18,9.441165e-19
2.7,CIPSI_EN_SQD,3,-92.1450653380,3.894732e-03,5.786382e-21,4.081592e-18,9.943271e-01
2.7,CIPSI_EN_SQD,4,-92.1449757964,2.504635e-19,2.439588e-19,1.711367e-01,4.212545e-17
2.7,CIPSI_EN_SQD,5,-92.1448122808,7.867432e-19,5.473387e-20,2.074742e-01,7.452736e-20
2.7,CIPSI_EN_SQD,6,-92.1446507382,3.086050e-22,4.621065e-20,6.212385e-01,7.314384e-19
2.7,CIPSI_EN_SQD,7,-92.1363909783,3.318001e-18,4.228906e-06,4.140242e-19,9.662037e-18
2.7,CIPSI_EN_SQD,8,-92.1362074300,1.229476e-04,3.164235e-18,3.746803e-18,1.380463e-03
2.7,CIPSI_EN_SQD,9,-92.0896025455,3.673934e-09,1.486100e-18,3.417393e-18,2.899039e-06
2.7,CIPSI_EN_SQD,10,-92.0891229171,4.433876e-19,8.000902e-08,2.760302e-18,5.716427e-17
2.7,CIPSI_EN_SQD,11,-92.0871049096,8.628087e-19,1.269953e-19,6.394732e-07,1.541907e-18
2.7,CIPSI_EN_SQD,12,-92.0870978491,2.999768e-18,1.357937e-19,6.689962e-19,1.513016e-18
2.7,CIPSI_EN_SQD,13,-92.0834032305,1.878766e-18,6.100526e-19,6.712756e-19,8.901657e-18
2.7,CIPSI_EN_SQD,14,-92.0544681938,1.639130e-15,2.236168e-15,2.063652e-07,4.387970e-16
2.8,ExtSQD,0,-92.1451226801,6.360388e-01,2.335707e-19,7.457004e-21,3.275495e-01
2.8,ExtSQD,1,-92.1432149499,6.312922e-17,8.731932e-16,4.872321e-01,7.112919e-17
2.8,ExtSQD,2,-92.1420519429,9.909947e-18,9.074880e-01,8.247790e-16,9.190789e-21
2.8,ExtSQD,3,-92.1389793673,6.981116e-18,8.200120e-02,9.926522e-15,8.313153e-19
2.8,ExtSQD,4,-92.1386295368,7.088510e-16,1.236613e-15,1.579511e-01,1.108243e-15
2.8,ExtSQD,5,-92.1308064769,4.172820e-16,1.402382e-03,3.054660e-15,1.020704e-15
2.8,ExtSQD,6,-92.1299983144,4.009491e-15,2.052085e-16,3.102840e-01,6.522888e-15
2.8,ExtSQD,7,-92.1251903804,2.226750e-01,1.371654e-19,8.240664e-19,2.215542e-01
2.8,ExtSQD,8,-92.1083897580,7.201201e-02,3.100869e-22,2.512859e-18,3.170061e-01
2.8,ExtSQD,9,-92.0811715119,3.676802e-17,8.996429e-04,8.640619e-15,1.080026e-16
2.8,ExtSQD,10,-92.0787231944,9.433842e-15,1.601209e-14,1.264227e-15,1.018429e-14
2.8,ExtSQD,11,-92.0721675322,2.505184e-03,1.591957e-18,1.138820e-19,1.118777e-05
2.8,ExtSQD,12,-92.0703469900,3.015169e-15,1.582066e-17,1.037030e-02,1.048382e-14
2.8,ExtSQD,13,-92.0677916176,7.148890e-12,1.495436e-11,3.735885e-15,1.100856e-11
2.8,ExtSQD,14,-92.0467864080,2.792349e-12,5.517658e-13,5.714509e-05,3.885239e-12
2.8,CIPSI_EN_SQD,0,-92.1478051264,9.995502e-01,1.250839e-18,9.538624e-21,2.843785e-04
2.8,CIPSI_EN_SQD,1,-92.1476420984,1.205077e-18,9.998134e-01,5.931433e-18,2.686942e-20
2.8,CIPSI_EN_SQD,2,-92.1446579678,2.840425e-04,2.611385e-20,5.808181e-19,9.995584e-01
2.8,CIPSI_EN_SQD,3,-92.1445471818,1.083408e-21,2.142638e-05,3.982422e-17,2.765196e-18
2.8,CIPSI_EN_SQD,4,-92.1444036225,3.754717e-22,6.172141e-20,5.955875e-02,2.324894e-18
2.8,CIPSI_EN_SQD,5,-92.1441336543,4.041849e-23,1.007930e-21,2.396678e-01,1.901675e-19
2.8,CIPSI_EN_SQD,6,-92.1440402220,1.119023e-21,8.112358e-21,7.005841e-01,2.255976e-19
2.8,CIPSI_EN_SQD,7,-92.1381661833,1.564793e-05,9.118917e-21,2.523449e-21,4.640934e-06
2.8,CIPSI_EN_SQD,8,-92.1380849566,3.358445e-21,1.168427e-05,2.177421e-17,4.587837e-20
2.8,CIPSI_EN_SQD,9,-92.0895891775,2.206166e-07,1.029880e-20,3.860362e-20,2.143981e-07
2.8,CIPSI_EN_SQD,10,-92.0890967855,1.435666e-21,5.231489e-07,1.238532e-16,6.075418e-21
2.8,CIPSI_EN_SQD,11,-92.0867038419,4.887128e-19,6.668322e-19,2.399488e-07,1.108706e-18
2.8,CIPSI_EN_SQD,12,-92.0503143602,5.488286e-08,3.987252e-19,4.669040e-18,3.314995e-08
2.8,CIPSI_EN_SQD,13,-92.0502630562,3.290774e-19,1.349642e-07,4.738946e-16,3.741401e-18
2.8,CIPSI_EN_SQD,14,-92.0471117851,2.225352e-08,9.168418e-15,1.914556e-16,7.868770e-09
2.9,ExtSQD,0,-92.1456209711,6.982642e-01,7.336044e-18,4.333948e-16,2.875826e-01
2.9,ExtSQD,1,-92.1452338809,2.000197e-16,7.318010e-01,8.790183e-17,3.184376e-18
2.9,ExtSQD,2,-92.1441162737,7.457426e-21,4.950811e-19,4.905344e-01,2.612088e-18
2.9,ExtSQD,3,-92.1396042134,6.355473e-17,2.472514e-01,2.492729e-15,6.885479e-17
2.9,ExtSQD,4,-92.1380995409,2.032133e-17,9.360077e-16,3.051347e-01,3.824988e-17
2.9,ExtSQD,5,-92.1371874353,3.089000e-17,2.731975e-17,1.936450e-01,1.775004e-16
2.9,ExtSQD,6,-92.1366229655,1.682728e-01,8.897800e-16,8.583719e-15,2.234479e-01
2.9,ExtSQD,7,-92.1333587566,3.808733e-18,1.147002e-02,6.306973e-18,7.301329e-17
2.9,ExtSQD,8,-92.1078733427,8.528594e-02,1.256749e-13,5.944558e-13,3.315855e-01
2.9,ExtSQD,9,-92.0828984661,6.791702e-04,1.181085e-14,4.651548e-14,2.241152e-03
2.9,ExtSQD,10,-92.0822226462,1.832610e-14,1.095925e-13,1.150922e-14,5.796254e-15
2.9,ExtSQD,11,-92.0814753012,3.128005e-16,3.779189e-03,4.901039e-15,1.217312e-15
2.9,ExtSQD,12,-92.0803798033,2.345687e-17,1.826959e-13,3.848737e-03,9.431424e-18
2.9,ExtSQD,13,-92.0801039017,3.501318e-15,1.453317e-14,1.417014e-17,4.943517e-16
2.9,ExtSQD,14,-92.0446266986,2.975296e-08,1.109720e-13,2.908619e-13,1.115855e-07
2.9,CIPSI_EN_SQD,0,-92.1467291570,9.998426e-01,8.132596e-17,3.766610e-19,2.201775e-05
2.9,CIPSI_EN_SQD,1,-92.1465295390,8.630982e-17,9.993500e-01,2.682176e-19,3.323166e-19
2.9,CIPSI_EN_SQD,2,-92.1443429601,2.197939e-05,1.034978e-18,4.615168e-16,9.998457e-01
2.9,CIPSI_EN_SQD,3,-92.1443419064,2.413980e-18,6.430122e-19,4.964637e-03,7.055343e-14
2.9,CIPSI_EN_SQD,4,-92.1442792069,3.976062e-19,5.895519e-19,2.637755e-01,6.125377e-18
2.9,CIPSI_EN_SQD,5,-92.1441414423,1.346040e-19,5.599099e-19,7.311269e-01,7.034806e-19
2.9,CIPSI_EN_SQD,6,-92.1441115030,5.913416e-21,5.309201e-04,1.904274e-19,2.933276e-17
2.9,CIPSI_EN_SQD,7,-92.1396895717,3.486880e-06,2.730228e-19,6.564623e-19,2.891298e-07
2.9,CIPSI_EN_SQD,8,-92.1394733843,3.534463e-20,3.836488e-07,4.569469e-20,9.903968e-21
2.9,CIPSI_EN_SQD,9,-92.0888682207,1.987821e-07,7.789534e-20,1.341493e-18,1.167732e-07
2.9,CIPSI_EN_SQD,10,-92.0882795790,6.227134e-20,6.346087e-07,2.856591e-20,1.634214e-20
2.9,CIPSI_EN_SQD,11,-92.0873909159,1.274431e-17,5.397502e-17,7.322819e-18,1.237329e-17
2.9,CIPSI_EN_SQD,12,-92.0873874497,1.858108e-19,3.348609e-20,8.972600e-08,7.833895e-18
2.9,CIPSI_EN_SQD,13,-92.0847132134,3.721755e-18,1.689592e-16,1.005014e-18,6.441323e-18
2.9,CIPSI_EN_SQD,14,-92.0474444220,1.570297e-15,4.754018e-09,5.398057e-18,3.217709e-15
3.0,ExtSQD,0,-92.1449018799,5.873707e-01,3.528183e-17,1.514129e-17,3.571962e-01
3.0,ExtSQD,1,-92.1438488826,2.777798e-16,2.043449e-19,4.929819e-01,4.395465e-16
3.0,ExtSQD,2,-92.1411233582,8.111677e-16,7.156977e-01,5.057437e-16,3.942538e-16
3.0,ExtSQD,3,-92.1391641077,3.422049e-16,1.317379e-15,1.587545e-01,3.663343e-16
3.0,ExtSQD,4,-92.1388879687,4.100831e-16,2.731918e-01,7.343030e-16,9.472313e-16
3.0,ExtSQD,5,-92.1344136237,3.824029e-16,1.511935e-03,2.275369e-16,2.458589e-16
3.0,ExtSQD,6,-92.1301608146,7.860895e-17,5.541081e-16,3.021821e-01,1.570580e-15
3.0,ExtSQD,7,-92.1273153548,2.451827e-01,6.263541e-15,1.694761e-16,1.441617e-01
3.0,ExtSQD,8,-92.1095487611,9.380900e-02,1.716286e-15,2.612220e-14,3.624122e-01
3.0,ExtSQD,9,-92.0821974527,1.027791e-16,1.024364e-03,1.247040e-17,1.894284e-15
3.0,ExtSQD,10,-92.0801718827,2.270569e-15,6.297391e-15,1.017490e-20,9.668877e-16
3.0,ExtSQD,11,-92.0736016021,4.139018e-03,1.661340e-14,3.306114e-15,1.996296e-04
3.0,ExtSQD,12,-92.0714697039,1.525310e-14,2.154647e-14,1.052088e-02,4.613934e-14
3.0,ExtSQD,13,-92.0697772089,4.777673e-13,7.599432e-14,2.693815e-14,3.268418e-13
3.0,ExtSQD,14,-92.0426502179,1.173097e-12,2.196512e-04,3.462679e-12,2.305032e-12
3.0,CIPSI_EN_SQD,0,-92.1468429211,9.980683e-01,3.289164e-17,1.177694e-22,1.798039e-03
3.0,CIPSI_EN_SQD,1,-92.1467202334,2.771711e-17,9.969757e-01,4.927305e-19,5.863409e-19
3.0,CIPSI_EN_SQD,2,-92.1450975155,1.793797e-03,3.750271e-21,2.068467e-18,9.977379e-01
3.0,CIPSI_EN_SQD,3,-92.1449809004,1.700172e-18,2.868819e-03,7.176481e-18,8.075816e-17
3.0,CIPSI_EN_SQD,4,-92.1449553948,5.817906e-19,1.918010e-19,1.870867e-01,2.399922e-17
3.0,CIPSI_EN_SQD,5,-92.1444163721,1.761310e-19,1.309739e-19,5.541808e-01,1.119286e-19
3.0,CIPSI_EN_SQD,6,-92.1441956836,7.159541e-20,2.574364e-18,2.585046e-01,8.272891e-18
3.0,CIPSI_EN_SQD,7,-92.1417859363,5.716996e-06,1.256612e-20,4.361444e-20,3.384617e-04
3.0,CIPSI_EN_SQD,8,-92.1416756406,7.434986e-20,1.018728e-05,5.944384e-20,6.795365e-26
3.0,CIPSI_EN_SQD,9,-92.0903219808,1.038091e-08,1.879131e-18,2.108111e-18,7.464812e-08
3.0,CIPSI_EN_SQD,10,-92.0898664593,1.707941e-21,2.789959e-08,3.725216e-19,1.605128e-21
3.0,CIPSI_EN_SQD,11,-92.0878229254,2.023181e-19,1.262232e-19,6.819954e-11,5.286829e-18
3.0,CIPSI_EN_SQD,12,-92.0878209998,6.369975e-18,8.470369e-19,1.024263e-18,4.593399e-18
3.0,CIPSI_EN_SQD,13,-92.0860360450,4.165960e-18,4.024275e-19,3.256407e-20,8.929716e-18
3.0,CIPSI_EN_SQD,14,-92.0536162694,2.505627e-13,1.968207e-13,7.568729e-15,2.742140e-13
