twist_angle_deg,method,orbital_index,occupation
0.0,ref,0,1.99649444
0.0,ref,1,1.99241301
0.0,ref,2,1.99133234
0.0,ref,3,1.98998319
0.0,ref,4,1.98985596
0.0,ref,5,1.94076140
0.0,ref,6,0.06081008
0.0,ref,7,0.00897181
0.0,ref,8,0.00598749
0.0,ref,9,0.00578112
0.0,ref,10,0.00514385
0.0,ref,11,0.00423217
0.0,ref,12,0.00419444
0.0,ref,13,0.00403868
0.0,ext,0,1.99649444
0.0,ext,1,1.99241301
0.0,ext,2,1.99133234
0.0,ext,3,1.98998319
0.0,ext,4,1.98985596
0.0,ext,5,1.94076140
0.0,ext,6,0.06081008
0.0,ext,7,0.00897181
0.0,ext,8,0.00598749
0.0,ext,9,0.00578112
0.0,ext,10,0.00514385
0.0,ext,11,0.00423217
0.0,ext,12,0.00419444
0.0,ext,13,0.00403869
0.0,cipsi,0,1.99649689
0.0,cipsi,1,1.99241711
0.0,cipsi,2,1.99133482
0.0,cipsi,3,1.98998527
0.0,cipsi,4,1.98985747
0.0,cipsi,5,1.94076224
0.0,cipsi,6,0.06080638
0.0,cipsi,7,0.00896981
0.0,cipsi,8,0.00598645
0.0,cipsi,9,0.00577931
0.0,cipsi,10,0.00514204
0.0,cipsi,11,0.00423082
0.0,cipsi,12,0.00419337
0.0,cipsi,13,0.00403801
10.0,ref,0,1.99648210
10.0,ref,1,1.99241163
10.0,ref,2,1.99133042
10.0,ref,3,1.98999110
10.0,ref,4,1.98986036
10.0,ref,5,1.93978667
10.0,ref,6,0.06182109
10.0,ref,7,0.00895225
10.0,ref,8,0.00598569
10.0,ref,9,0.00577006
10.0,ref,10,0.00514693
10.0,ref,11,0.00422749
10.0,ref,12,0.00420514
10.0,ref,13,0.00402907
10.0,ext,0,1.99648210
10.0,ext,1,1.99241163
10.0,ext,2,1.99133041
10.0,ext,3,1.98999110
10.0,ext,4,1.98986036
10.0,ext,5,1.93978667
10.0,ext,6,0.06182109
10.0,ext,7,0.00895225
10.0,ext,8,0.00598569
10.0,ext,9,0.00577006
10.0,ext,10,0.00514693
10.0,ext,11,0.00422749
10.0,ext,12,0.00420514
10.0,ext,13,0.00402907
10.0,cipsi,0,1.99648492
10.0,cipsi,1,1.99241616
10.0,cipsi,2,1.99133401
10.0,cipsi,3,1.98999513
10.0,cipsi,4,1.98986305
10.0,cipsi,5,1.93978811
10.0,cipsi,6,0.06181836
10.0,cipsi,7,0.00894939
10.0,cipsi,8,0.00598289
10.0,cipsi,9,0.00576796
10.0,cipsi,10,0.00514452
10.0,cipsi,11,0.00422537
10.0,cipsi,12,0.00420304
10.0,cipsi,13,0.00402708
20.0,ref,0,1.99644496
20.0,ref,1,1.99240843
20.0,ref,2,1.99132385
20.0,ref,3,1.99001149
20.0,ref,4,1.98987190
20.0,ref,5,1.93666942
20.0,ref,6,0.06504552
20.0,ref,7,0.00889536
20.0,ref,8,0.00598161
20.0,ref,9,0.00573983
20.0,ref,10,0.00515723
20.0,ref,11,0.00423682
20.0,ref,12,0.00421349
20.0,ref,13,0.00400008
20.0,ext,0,1.99644496
20.0,ext,1,1.99240843
20.0,ext,2,1.99132385
20.0,ext,3,1.99001149
20.0,ext,4,1.98987190
20.0,ext,5,1.93666942
20.0,ext,6,0.06504552
20.0,ext,7,0.00889536
20.0,ext,8,0.00598161
20.0,ext,9,0.00573984
20.0,ext,10,0.00515723
20.0,ext,11,0.00423682
20.0,ext,12,0.00421349
20.0,ext,13,0.00400008
20.0,cipsi,0,1.99644773
20.0,cipsi,1,1.99241287
20.0,cipsi,2,1.99132801
20.0,cipsi,3,1.99001612
20.0,cipsi,4,1.98987488
20.0,cipsi,5,1.93667086
20.0,cipsi,6,0.06504308
20.0,cipsi,7,0.00889253
20.0,cipsi,8,0.00597834
20.0,cipsi,9,0.00573736
20.0,cipsi,10,0.00515434
20.0,cipsi,11,0.00423441
20.0,cipsi,12,0.00421124
20.0,cipsi,13,0.00399823
30.0,ref,0,1.99638309
30.0,ref,1,1.99240716
30.0,ref,2,1.99131091
30.0,ref,3,1.99003472
30.0,ref,4,1.98988744
30.0,ref,5,1.93073326
30.0,ref,6,0.07115449
30.0,ref,7,0.00880708
30.0,ref,8,0.00597827
30.0,ref,9,0.00569811
30.0,ref,10,0.00517715
30.0,ref,11,0.00428753
30.0,ref,12,0.00419025
30.0,ref,13,0.00395054
30.0,ext,0,1.99638309
30.0,ext,1,1.99240716
30.0,ext,2,1.99131091
30.0,ext,3,1.99003472
30.0,ext,4,1.98988744
30.0,ext,5,1.93073326
30.0,ext,6,0.07115450
30.0,ext,7,0.00880708
30.0,ext,8,0.00597827
30.0,ext,9,0.00569811
30.0,ext,10,0.00517715
30.0,ext,11,0.00428753
30.0,ext,12,0.00419025
30.0,ext,13,0.00395054
30.0,cipsi,0,1.99638585
30.0,cipsi,1,1.99241141
30.0,cipsi,2,1.99131485
30.0,cipsi,3,1.99003891
30.0,cipsi,4,1.98989008
30.0,cipsi,5,1.93073461
30.0,cipsi,6,0.07115227
30.0,cipsi,7,0.00880429
30.0,cipsi,8,0.00597541
30.0,cipsi,9,0.00569572
30.0,cipsi,10,0.00517447
30.0,cipsi,11,0.00428503
30.0,cipsi,12,0.00418828
30.0,cipsi,13,0.00394883
40.0,ref,0,1.99629798
40.0,ref,1,1.99241714
40.0,ref,2,1.99129077
40.0,ref,3,1.99004592
40.0,ref,4,1.98990691
40.0,ref,5,1.92043898
40.0,ref,6,0.08167711
40.0,ref,7,0.00869930
40.0,ref,8,0.00597784
40.0,ref,9,0.00565420
40.0,ref,10,0.00520842
40.0,ref,11,0.00435177
40.0,ref,12,0.00415755
40.0,ref,13,0.00387612
40.0,ext,0,1.99629798
40.0,ext,1,1.99241714
40.0,ext,2,1.99129076
40.0,ext,3,1.99004591
40.0,ext,4,1.98990690
40.0,ext,5,1.92043895
40.0,ext,6,0.08167713
40.0,ext,7,0.00869930
40.0,ext,8,0.00597785
40.0,ext,9,0.00565420
40.0,ext,10,0.00520842
40.0,ext,11,0.00435177
40.0,ext,12,0.00415755
40.0,ext,13,0.00387612
40.0,cipsi,0,1.99630067
40.0,cipsi,1,1.99242169
40.0,cipsi,2,1.99129475
40.0,cipsi,3,1.99005009
40.0,cipsi,4,1.98990983
40.0,cipsi,5,1.92044161
40.0,cipsi,6,0.08167351
40.0,cipsi,7,0.00869670
40.0,cipsi,8,0.00597499
40.0,cipsi,9,0.00565186
40.0,cipsi,10,0.00520563
40.0,cipsi,11,0.00434916
40.0,cipsi,12,0.00415506
40.0,cipsi,13,0.00387446
50.0,ref,0,1.99619378
50.0,ref,1,1.99245886
50.0,ref,2,1.99126649
50.0,ref,3,1.99002663
50.0,ref,4,1.98993835
50.0,ref,5,1.90230860
50.0,ref,6,0.10007301
50.0,ref,7,0.00859375
50.0,ref,8,0.00597854
50.0,ref,9,0.00561634
50.0,ref,10,0.00524949
50.0,ref,11,0.00441709
50.0,ref,12,0.00411342
50.0,ref,13,0.00376565
50.0,ext,0,1.99619378
50.0,ext,1,1.99245886
50.0,ext,2,1.99126648
50.0,ext,3,1.99002662
50.0,ext,4,1.98993834
50.0,ext,5,1.90230857
50.0,ext,6,0.10007304
50.0,ext,7,0.00859376
50.0,ext,8,0.00597855
50.0,ext,9,0.00561634
50.0,ext,10,0.00524949
50.0,ext,11,0.00441709
50.0,ext,12,0.00411342
50.0,ext,13,0.00376566
50.0,cipsi,0,1.99619641
50.0,cipsi,1,1.99246328
50.0,cipsi,2,1.99127028
50.0,cipsi,3,1.99003053
50.0,cipsi,4,1.98994105
50.0,cipsi,5,1.90230952
50.0,cipsi,6,0.10007137
50.0,cipsi,7,0.00859137
50.0,cipsi,8,0.00597578
50.0,cipsi,9,0.00561375
50.0,cipsi,10,0.00524658
50.0,cipsi,11,0.00441475
50.0,cipsi,12,0.00411126
50.0,cipsi,13,0.00376407
60.0,ref,0,1.99607885
60.0,ref,1,1.99257566
60.0,ref,2,1.99124965
60.0,ref,3,1.99000473
60.0,ref,4,1.98996463
60.0,ref,5,1.86767682
60.0,ref,6,0.13497279
60.0,ref,7,0.00852448
60.0,ref,8,0.00597063
60.0,ref,9,0.00558825
60.0,ref,10,0.00529231
60.0,ref,11,0.00445760
60.0,ref,12,0.00404956
60.0,ref,13,0.00359403
60.0,ext,0,1.99607885
60.0,ext,1,1.99257566
60.0,ext,2,1.99124965
60.0,ext,3,1.99000473
60.0,ext,4,1.98996463
60.0,ext,5,1.86767679
60.0,ext,6,0.13497281
60.0,ext,7,0.00852448
60.0,ext,8,0.00597063
60.0,ext,9,0.00558826
60.0,ext,10,0.00529231
60.0,ext,11,0.00445760
60.0,ext,12,0.00404956
60.0,ext,13,0.00359403
60.0,cipsi,0,1.99608171
60.0,cipsi,1,1.99258037
60.0,cipsi,2,1.99125339
60.0,cipsi,3,1.99000751
60.0,cipsi,4,1.98996829
60.0,cipsi,5,1.86767818
60.0,cipsi,6,0.13497068
60.0,cipsi,7,0.00852208
60.0,cipsi,8,0.00596787
60.0,cipsi,9,0.00558549
60.0,cipsi,10,0.00528923
60.0,cipsi,11,0.00445528
60.0,cipsi,12,0.00404752
60.0,cipsi,13,0.00359239
70.0,ref,0,1.99572834
70.0,ref,1,1.99251662
70.0,ref,2,1.99186914
70.0,ref,3,1.99174164
70.0,ref,4,1.99060987
70.0,ref,5,1.79482128
70.0,ref,6,0.20270176
70.0,ref,7,0.00697419
70.0,ref,8,0.00695620
70.0,ref,9,0.00634654
70.0,ref,10,0.00596335
70.0,ref,11,0.00582562
70.0,ref,12,0.00400758
70.0,ref,13,0.00393788
70.0,ext,0,1.99572834
70.0,ext,1,1.99251662
70.0,ext,2,1.99186914
70.0,ext,3,1.99174163
70.0,ext,4,1.99060987
70.0,ext,5,1.79482126
70.0,ext,6,0.20270178
70.0,ext,7,0.00697419
70.0,ext,8,0.00695620
70.0,ext,9,0.00634654
70.0,ext,10,0.00596335
70.0,ext,11,0.00582562
70.0,ext,12,0.00400758
70.0,ext,13,0.00393788
70.0,cipsi,0,1.99573097
70.0,cipsi,1,1.99252048
70.0,cipsi,2,1.99187248
70.0,cipsi,3,1.99174489
70.0,cipsi,4,1.99061272
70.0,cipsi,5,1.79484125
70.0,cipsi,6,0.20268188
70.0,cipsi,7,0.00697144
70.0,cipsi,8,0.00695385
70.0,cipsi,9,0.00634382
70.0,cipsi,10,0.00596030
70.0,cipsi,11,0.00582371
70.0,cipsi,12,0.00400603
70.0,cipsi,13,0.00393620
80.0,ref,0,1.99564706
80.0,ref,1,1.99308395
80.0,ref,2,1.99192046
80.0,ref,3,1.99149324
80.0,ref,4,1.99098314
80.0,ref,5,1.61342343
80.0,ref,6,0.38486961
80.0,ref,7,0.00679383
80.0,ref,8,0.00628288
80.0,ref,9,0.00625521
80.0,ref,10,0.00596917
80.0,ref,11,0.00575150
80.0,ref,12,0.00379378
80.0,ref,13,0.00373273
80.0,ext,0,1.99564706
80.0,ext,1,1.99308395
80.0,ext,2,1.99192046
80.0,ext,3,1.99149325
80.0,ext,4,1.99098315
80.0,ext,5,1.61342344
80.0,ext,6,0.38486960
80.0,ext,7,0.00679383
80.0,ext,8,0.00628288
80.0,ext,9,0.00625521
80.0,ext,10,0.00596917
80.0,ext,11,0.00575150
80.0,ext,12,0.00379378
80.0,ext,13,0.00373273
80.0,cipsi,0,1.99565024
80.0,cipsi,1,1.99308821
80.0,cipsi,2,1.99192366
80.0,cipsi,3,1.99149639
80.0,cipsi,4,1.99098621
80.0,cipsi,5,1.61347147
80.0,cipsi,6,0.38482171
80.0,cipsi,7,0.00679135
80.0,cipsi,8,0.00628008
80.0,cipsi,9,0.00625149
80.0,cipsi,10,0.00596583
80.0,cipsi,11,0.00574972
80.0,cipsi,12,0.00379251
80.0,cipsi,13,0.00373113
90.0,ref,0,1.99557735
90.0,ref,1,1.99387161
90.0,ref,2,1.99192821
90.0,ref,3,1.99181383
90.0,ref,4,1.99151806
90.0,ref,5,1.15556575
90.0,ref,6,0.84429118
90.0,ref,7,0.00634943
90.0,ref,8,0.00586691
90.0,ref,9,0.00583568
90.0,ref,10,0.00581814
90.0,ref,11,0.00455787
90.0,ref,12,0.00356683
90.0,ref,13,0.00343914
90.0,ext,0,1.99557735
90.0,ext,1,1.99387161
90.0,ext,2,1.99192821
90.0,ext,3,1.99181383
90.0,ext,4,1.99151806
90.0,ext,5,1.15556576
90.0,ext,6,0.84429118
90.0,ext,7,0.00634943
90.0,ext,8,0.00586691
90.0,ext,9,0.00583568
90.0,ext,10,0.00581814
90.0,ext,11,0.00455787
90.0,ext,12,0.00356683
90.0,ext,13,0.00343914
90.0,cipsi,0,1.99558384
90.0,cipsi,1,1.99388015
90.0,cipsi,2,1.99193445
90.0,cipsi,3,1.99181963
90.0,cipsi,4,1.99152364
90.0,cipsi,5,1.15567879
90.0,cipsi,6,0.84417603
90.0,cipsi,7,0.00634497
90.0,cipsi,8,0.00586343
90.0,cipsi,9,0.00582911
90.0,cipsi,10,0.00581335
90.0,cipsi,11,0.00455374
90.0,cipsi,12,0.00356312
90.0,cipsi,13,0.00343575
100.0,ref,0,1.99564706
100.0,ref,1,1.99308395
100.0,ref,2,1.99192046
100.0,ref,3,1.99149324
100.0,ref,4,1.99098314
100.0,ref,5,1.61342344
100.0,ref,6,0.38486960
100.0,ref,7,0.00679383
100.0,ref,8,0.00628288
100.0,ref,9,0.00625521
100.0,ref,10,0.00596917
100.0,ref,11,0.00575150
100.0,ref,12,0.00379378
100.0,ref,13,0.00373273
100.0,ext,0,1.99564706
100.0,ext,1,1.99308395
100.0,ext,2,1.99192046
100.0,ext,3,1.99149325
100.0,ext,4,1.99098315
100.0,ext,5,1.61342345
100.0,ext,6,0.38486959
100.0,ext,7,0.00679383
100.0,ext,8,0.00628288
100.0,ext,9,0.00625521
100.0,ext,10,0.00596917
100.0,ext,11,0.00575150
100.0,ext,12,0.00379378
100.0,ext,13,0.00373273
100.0,cipsi,0,1.99565015
100.0,cipsi,1,1.99308802
100.0,cipsi,2,1.99192353
100.0,cipsi,3,1.99149625
100.0,cipsi,4,1.99098601
100.0,cipsi,5,1.61346901
100.0,cipsi,6,0.38482416
100.0,cipsi,7,0.00679139
100.0,cipsi,8,0.00628022
100.0,cipsi,9,0.00625169
100.0,cipsi,10,0.00596601
100.0,cipsi,11,0.00574997
100.0,cipsi,12,0.00379236
100.0,cipsi,13,0.00373125
110.0,ref,0,1.99572834
110.0,ref,1,1.99251662
110.0,ref,2,1.99186914
110.0,ref,3,1.99174164
110.0,ref,4,1.99060987
110.0,ref,5,1.79482128
110.0,ref,6,0.20270176
110.0,ref,7,0.00697419
110.0,ref,8,0.00695620
110.0,ref,9,0.00634654
110.0,ref,10,0.00596335
110.0,ref,11,0.00582562
110.0,ref,12,0.00400758
110.0,ref,13,0.00393788
110.0,ext,0,1.99572834
110.0,ext,1,1.99251662
110.0,ext,2,1.99186914
110.0,ext,3,1.99174163
110.0,ext,4,1.99060987
110.0,ext,5,1.79482126
110.0,ext,6,0.20270178
110.0,ext,7,0.00697419
110.0,ext,8,0.00695620
110.0,ext,9,0.00634654
110.0,ext,10,0.00596335
110.0,ext,11,0.00582562
110.0,ext,12,0.00400758
110.0,ext,13,0.00393788
110.0,cipsi,0,1.99573099
110.0,cipsi,1,1.99252051
110.0,cipsi,2,1.99187250
110.0,cipsi,3,1.99174489
110.0,cipsi,4,1.99061273
110.0,cipsi,5,1.79484121
110.0,cipsi,6,0.20268191
110.0,cipsi,7,0.00697142
110.0,cipsi,8,0.00695387
110.0,cipsi,9,0.00634376
110.0,cipsi,10,0.00596024
110.0,cipsi,11,0.00582371
110.0,cipsi,12,0.00400606
110.0,cipsi,13,0.00393619
120.0,ref,0,1.99607885
120.0,ref,1,1.99257566
120.0,ref,2,1.99124965
120.0,ref,3,1.99000473
120.0,ref,4,1.98996463
120.0,ref,5,1.86767682
120.0,ref,6,0.13497279
120.0,ref,7,0.00852448
120.0,ref,8,0.00597063
120.0,ref,9,0.00558825
120.0,ref,10,0.00529231
120.0,ref,11,0.00445760
120.0,ref,12,0.00404956
120.0,ref,13,0.00359403
120.0,ext,0,1.99607885
120.0,ext,1,1.99257566
120.0,ext,2,1.99124965
120.0,ext,3,1.99000473
120.0,ext,4,1.98996463
120.0,ext,5,1.86767679
120.0,ext,6,0.13497281
120.0,ext,7,0.00852448
120.0,ext,8,0.00597063
120.0,ext,9,0.00558826
120.0,ext,10,0.00529231
120.0,ext,11,0.00445760
120.0,ext,12,0.00404956
120.0,ext,13,0.00359403
120.0,cipsi,0,1.99608173
120.0,cipsi,1,1.99258035
120.0,cipsi,2,1.99125326
120.0,cipsi,3,1.99000754
120.0,cipsi,4,1.98996815
120.0,cipsi,5,1.86767831
120.0,cipsi,6,0.13497057
120.0,cipsi,7,0.00852208
120.0,cipsi,8,0.00596790
120.0,cipsi,9,0.00558550
120.0,cipsi,10,0.00528917
120.0,cipsi,11,0.00445540
120.0,cipsi,12,0.00404761
120.0,cipsi,13,0.00359243
130.0,ref,0,1.99619378
130.0,ref,1,1.99245886
130.0,ref,2,1.99126649
130.0,ref,3,1.99002663
130.0,ref,4,1.98993835
130.0,ref,5,1.90230860
130.0,ref,6,0.10007301
130.0,ref,7,0.00859375
130.0,ref,8,0.00597854
130.0,ref,9,0.00561634
130.0,ref,10,0.00524949
130.0,ref,11,0.00441709
130.0,ref,12,0.00411342
130.0,ref,13,0.00376565
130.0,ext,0,1.99619378
130.0,ext,1,1.99245886
130.0,ext,2,1.99126648
130.0,ext,3,1.99002662
130.0,ext,4,1.98993834
130.0,ext,5,1.90230857
130.0,ext,6,0.10007304
130.0,ext,7,0.00859376
130.0,ext,8,0.00597855
130.0,ext,9,0.00561634
130.0,ext,10,0.00524949
130.0,ext,11,0.00441709
130.0,ext,12,0.00411342
130.0,ext,13,0.00376566
130.0,cipsi,0,1.99619647
130.0,cipsi,1,1.99246333
130.0,cipsi,2,1.99127021
130.0,cipsi,3,1.99003050
130.0,cipsi,4,1.98994098
130.0,cipsi,5,1.90230976
130.0,cipsi,6,0.10007116
130.0,cipsi,7,0.00859133
130.0,cipsi,8,0.00597579
130.0,cipsi,9,0.00561367
130.0,cipsi,10,0.00524657
130.0,cipsi,11,0.00441477
130.0,cipsi,12,0.00411125
130.0,cipsi,13,0.00376422
140.0,ref,0,1.99629798
140.0,ref,1,1.99241714
140.0,ref,2,1.99129077
140.0,ref,3,1.99004592
140.0,ref,4,1.98990691
140.0,ref,5,1.92043898
140.0,ref,6,0.08167711
140.0,ref,7,0.00869930
140.0,ref,8,0.00597784
140.0,ref,9,0.00565420
140.0,ref,10,0.00520842
140.0,ref,11,0.00435177
140.0,ref,12,0.00415755
140.0,ref,13,0.00387612
140.0,ext,0,1.99629798
140.0,ext,1,1.99241714
140.0,ext,2,1.99129076
140.0,ext,3,1.99004591
140.0,ext,4,1.98990690
140.0,ext,5,1.92043895
140.0,ext,6,0.08167713
140.0,ext,7,0.00869930
140.0,ext,8,0.00597785
140.0,ext,9,0.00565420
140.0,ext,10,0.00520842
140.0,ext,11,0.00435177
140.0,ext,12,0.00415755
140.0,ext,13,0.00387612
140.0,cipsi,0,1.99630050
140.0,cipsi,1,1.99242142
140.0,cipsi,2,1.99129471
140.0,cipsi,3,1.99005006
140.0,cipsi,4,1.98990974
140.0,cipsi,5,1.92044153
140.0,cipsi,6,0.08167372
140.0,cipsi,7,0.00869674
140.0,cipsi,8,0.00597507
140.0,cipsi,9,0.00565192
140.0,cipsi,10,0.00520559
140.0,cipsi,11,0.00434927
140.0,cipsi,12,0.00415526
140.0,cipsi,13,0.00387447
150.0,ref,0,1.99638309
150.0,ref,1,1.99240716
150.0,ref,2,1.99131091
150.0,ref,3,1.99003472
150.0,ref,4,1.98988744
150.0,ref,5,1.93073326
150.0,ref,6,0.07115449
150.0,ref,7,0.00880708
150.0,ref,8,0.00597827
150.0,ref,9,0.00569811
150.0,ref,10,0.00517715
150.0,ref,11,0.00428753
150.0,ref,12,0.00419025
150.0,ref,13,0.00395054
150.0,ext,0,1.99638309
150.0,ext,1,1.99240716
150.0,ext,2,1.99131091
150.0,ext,3,1.99003472
150.0,ext,4,1.98988744
150.0,ext,5,1.93073326
150.0,ext,6,0.07115450
150.0,ext,7,0.00880708
150.0,ext,8,0.00597827
150.0,ext,9,0.00569811
150.0,ext,10,0.00517715
150.0,ext,11,0.00428753
150.0,ext,12,0.00419025
150.0,ext,13,0.00395054
150.0,cipsi,0,1.99638572
150.0,cipsi,1,1.99241136
150.0,cipsi,2,1.99131472
150.0,cipsi,3,1.99003891
150.0,cipsi,4,1.98989013
150.0,cipsi,5,1.93073465
150.0,cipsi,6,0.07115225
150.0,cipsi,7,0.00880429
150.0,cipsi,8,0.00597549
150.0,cipsi,9,0.00569575
150.0,cipsi,10,0.00517454
150.0,cipsi,11,0.00428509
150.0,cipsi,12,0.00418818
150.0,cipsi,13,0.00394892
160.0,ref,0,1.99644496
160.0,ref,1,1.99240843
160.0,ref,2,1.99132385
160.0,ref,3,1.99001149
160.0,ref,4,1.98987190
160.0,ref,5,1.93666942
160.0,ref,6,0.06504552
160.0,ref,7,0.00889536
160.0,ref,8,0.00598161
160.0,ref,9,0.00573983
160.0,ref,10,0.00515723
160.0,ref,11,0.00423682
160.0,ref,12,0.00421349
160.0,ref,13,0.00400008
160.0,ext,0,1.99644496
160.0,ext,1,1.99240843
160.0,ext,2,1.99132385
160.0,ext,3,1.99001149
160.0,ext,4,1.98987190
160.0,ext,5,1.93666942
160.0,ext,6,0.06504552
160.0,ext,7,0.00889536
160.0,ext,8,0.00598161
160.0,ext,9,0.00573984
160.0,ext,10,0.00515723
160.0,ext,11,0.00423682
160.0,ext,12,0.00421349
160.0,ext,13,0.00400008
160.0,cipsi,0,1.99644771
160.0,cipsi,1,1.99241281
160.0,cipsi,2,1.99132787
160.0,cipsi,3,1.99001597
160.0,cipsi,4,1.98987480
160.0,cipsi,5,1.93667078
160.0,cipsi,6,0.06504321
160.0,cipsi,7,0.00889258
160.0,cipsi,8,0.00597850
160.0,cipsi,9,0.00573733
160.0,cipsi,10,0.00515445
160.0,cipsi,11,0.00423446
160.0,cipsi,12,0.00421124
160.0,cipsi,13,0.00399829
170.0,ref,0,1.99648210
170.0,ref,1,1.99241163
170.0,ref,2,1.99133042
170.0,ref,3,1.98999110
170.0,ref,4,1.98986036
170.0,ref,5,1.93978667
170.0,ref,6,0.06182109
170.0,ref,7,0.00895225
170.0,ref,8,0.00598569
170.0,ref,9,0.00577006
170.0,ref,10,0.00514693
170.0,ref,11,0.00422749
170.0,ref,12,0.00420514
170.0,ref,13,0.00402907
170.0,ext,0,1.99648210
170.0,ext,1,1.99241163
170.0,ext,2,1.99133041
170.0,ext,3,1.98999110
170.0,ext,4,1.98986036
170.0,ext,5,1.93978667
170.0,ext,6,0.06182109
170.0,ext,7,0.00895225
170.0,ext,8,0.00598569
170.0,ext,9,0.00577006
170.0,ext,10,0.00514693
170.0,ext,11,0.00422749
170.0,ext,12,0.00420514
170.0,ext,13,0.00402907
170.0,cipsi,0,1.99648498
170.0,cipsi,1,1.99241623
170.0,cipsi,2,1.99133406
170.0,cipsi,3,1.98999520
170.0,cipsi,4,1.98986311
170.0,cipsi,5,1.93978814
170.0,cipsi,6,0.06181824
170.0,cipsi,7,0.00894930
170.0,cipsi,8,0.00598285
170.0,cipsi,9,0.00576792
170.0,cipsi,10,0.00514452
170.0,cipsi,11,0.00422537
170.0,cipsi,12,0.00420305
170.0,cipsi,13,0.00402703
180.0,ref,0,1.99649444
180.0,ref,1,1.99241301
180.0,ref,2,1.99133234
180.0,ref,3,1.98998319
180.0,ref,4,1.98985596
180.0,ref,5,1.94076140
180.0,ref,6,0.06081008
180.0,ref,7,0.00897181
180.0,ref,8,0.00598749
180.0,ref,9,0.00578112
180.0,ref,10,0.00514385
180.0,ref,11,0.00423217
180.0,ref,12,0.00419444
180.0,ref,13,0.00403868
180.0,ext,0,1.99649444
180.0,ext,1,1.99241301
180.0,ext,2,1.99133234
180.0,ext,3,1.98998319
180.0,ext,4,1.98985596
180.0,ext,5,1.94076140
180.0,ext,6,0.06081008
180.0,ext,7,0.00897181
180.0,ext,8,0.00598749
180.0,ext,9,0.00578112
180.0,ext,10,0.00514385
180.0,ext,11,0.00423217
180.0,ext,12,0.00419444
180.0,ext,13,0.00403869
180.0,cipsi,0,1.99649694
180.0,cipsi,1,1.99241715
180.0,cipsi,2,1.99133484
180.0,cipsi,3,1.98998531
180.0,cipsi,4,1.98985747
180.0,cipsi,5,1.94076228
180.0,cipsi,6,0.06080631
180.0,cipsi,7,0.00896977
180.0,cipsi,8,0.00598643
180.0,cipsi,9,0.00577930
180.0,cipsi,10,0.00514203
180.0,cipsi,11,0.00423080
180.0,cipsi,12,0.00419336
180.0,cipsi,13,0.00403801
