twist_angle_deg,n_configs,cumulative_weight
0.0,1,95.3713263257
0.0,31,99.6128705947
0.0,61,99.8904906752
0.0,91,99.9572543814
0.0,121,99.9786528217
0.0,151,99.9861844284
0.0,181,99.9896475079
0.0,211,99.9918690427
0.0,241,99.9933496038
0.0,271,99.9944889641
0.0,301,99.9954109019
0.0,331,99.9961773082
0.0,361,99.9968225184
0.0,391,99.9973371543
0.0,421,99.9977736334
0.0,451,99.9981266000
0.0,481,99.9984125040
0.0,511,99.9986490053
0.0,541,99.9988428506
0.0,571,99.9990083652
0.0,601,99.9991464466
0.0,631,99.9992639595
0.0,661,99.9993642456
0.0,691,99.9994506958
0.0,721,99.9995219823
0.0,751,99.9995826580
0.0,781,99.9996344669
0.0,811,99.9996796526
0.0,841,99.9997196674
0.0,871,99.9997527595
0.0,901,99.9997815734
0.0,931,99.9998068633
0.0,961,99.9998302631
0.0,991,99.9998512576
0.0,1021,99.9998700341
0.0,1051,99.9998860721
0.0,1081,99.9998998220
0.0,1111,99.9999118050
0.0,1141,99.9999222536
0.0,1171,99.9999313877
0.0,1201,99.9999393425
0.0,1231,99.9999462960
0.0,1261,99.9999524274
0.0,1291,99.9999577712
0.0,1321,99.9999624346
0.0,1351,99.9999666053
0.0,1381,99.9999703585
0.0,1411,99.9999736152
0.0,1441,99.9999765301
0.0,1471,99.9999791572
0.0,1501,99.9999815118
0.0,1531,99.9999836076
0.0,1561,99.9999854773
0.0,1591,99.9999871676
0.0,1621,99.9999886942
0.0,1651,99.9999900330
0.0,1681,99.9999912299
0.0,1711,99.9999923041
0.0,1741,99.9999932734
0.0,1771,99.9999941108
0.0,1801,99.9999948482
0.0,1831,99.9999955141
0.0,1861,99.9999961190
0.0,1891,99.9999966451
0.0,1921,99.9999971203
0.0,1951,99.9999975308
0.0,1981,99.9999978776
0.0,2011,99.9999981794
0.0,2041,99.9999984301
0.0,2071,99.9999986494
0.0,2101,99.9999988448
0.0,2131,99.9999990086
0.0,2161,99.9999991481
0.0,2191,99.9999992684
0.0,2221,99.9999993732
0.0,2251,99.9999994626
0.0,2281,99.9999995414
0.0,2311,99.9999996115
0.0,2341,99.9999996723
0.0,2371,99.9999997253
0.0,2401,99.9999997702
0.0,2431,99.9999998080
0.0,2461,99.9999998407
0.0,2491,99.9999998685
0.0,2521,99.9999998924
0.0,2551,99.9999999123
0.0,2581,99.9999999295
0.0,2611,99.9999999443
0.0,2641,99.9999999564
0.0,2671,99.9999999665
0.0,2701,99.9999999745
0.0,2731,99.9999999810
0.0,2761,99.9999999863
0.0,2791,99.9999999905
0.0,2821,99.9999999937
0.0,2851,99.9999999962
0.0,2881,99.9999999981
0.0,2911,99.9999999993
0.0,2941,99.9999999998
0.0,2971,100.0000000000
0.0,3001,100.0000000000
0.0,3003,100.0000000000
10.0,1,95.3227762737
10.0,31,99.5735502061
10.0,61,99.8819547749
10.0,91,99.9500129965
10.0,121,99.9731435425
10.0,151,99.9828422387
10.0,181,99.9871198507
10.0,211,99.9899312072
10.0,241,99.9918171057
10.0,271,99.9932403781
10.0,301,99.9943572750
10.0,331,99.9952664902
10.0,361,99.9960333360
10.0,391,99.9966771880
10.0,421,99.9972066007
10.0,451,99.9976591349
10.0,481,99.9980381147
10.0,511,99.9983476876
10.0,541,99.9985994738
10.0,571,99.9987997101
10.0,601,99.9989650226
10.0,631,99.9991033201
10.0,661,99.9992217696
10.0,691,99.9993224336
10.0,721,99.9994076286
10.0,751,99.9994775112
10.0,781,99.9995373978
10.0,811,99.9995896131
10.0,841,99.9996351788
10.0,871,99.9996765706
10.0,901,99.9997112167
10.0,931,99.9997421902
10.0,961,99.9997691105
10.0,991,99.9997935468
10.0,1021,99.9998162006
10.0,1051,99.9998365720
10.0,1081,99.9998551442
10.0,1111,99.9998712217
10.0,1141,99.9998852981
10.0,1171,99.9998980402
10.0,1201,99.9999092293
10.0,1231,99.9999190645
10.0,1261,99.9999278038
10.0,1291,99.9999355750
10.0,1321,99.9999424844
10.0,1351,99.9999486142
10.0,1381,99.9999540523
10.0,1411,99.9999588470
10.0,1441,99.9999631271
10.0,1471,99.9999670255
10.0,1501,99.9999706223
10.0,1531,99.9999739155
10.0,1561,99.9999769487
10.0,1591,99.9999796540
10.0,1621,99.9999820641
10.0,1651,99.9999841851
10.0,1681,99.9999860452
10.0,1711,99.9999876977
10.0,1741,99.9999891620
10.0,1771,99.9999904446
10.0,1801,99.9999915932
10.0,1831,99.9999926141
10.0,1861,99.9999935127
10.0,1891,99.9999942886
10.0,1921,99.9999949901
10.0,1951,99.9999956201
10.0,1981,99.9999961658
10.0,2011,99.9999966511
10.0,2041,99.9999970876
10.0,2071,99.9999974687
10.0,2101,99.9999978098
10.0,2131,99.9999981079
10.0,2161,99.9999983582
10.0,2191,99.9999985795
10.0,2221,99.9999987774
10.0,2251,99.9999989536
10.0,2281,99.9999991034
10.0,2311,99.9999992354
10.0,2341,99.9999993505
10.0,2371,99.9999994516
10.0,2401,99.9999995387
10.0,2431,99.9999996132
10.0,2461,99.9999996772
10.0,2491,99.9999997329
10.0,2521,99.9999997809
10.0,2551,99.9999998212
10.0,2581,99.9999998556
10.0,2611,99.9999998852
10.0,2641,99.9999999098
10.0,2671,99.9999999299
10.0,2701,99.9999999472
10.0,2731,99.9999999617
10.0,2761,99.9999999732
10.0,2791,99.9999999816
10.0,2821,99.9999999879
10.0,2851,99.9999999926
10.0,2881,99.9999999959
10.0,2911,99.9999999982
10.0,2941,99.9999999994
10.0,2971,99.9999999998
10.0,3001,100.0000000000
10.0,3003,100.0000000000
20.0,1,95.1673247067
20.0,31,99.5381552232
20.0,61,99.8673523642
20.0,91,99.9403778259
20.0,121,99.9682966751
20.0,151,99.9797344173
20.0,181,99.9851243351
20.0,211,99.9883466413
20.0,241,99.9905685753
20.0,271,99.9922044344
20.0,301,99.9934638760
20.0,331,99.9944875999
20.0,361,99.9953605463
20.0,391,99.9961163483
20.0,421,99.9967516903
20.0,451,99.9972634368
20.0,481,99.9976982138
20.0,511,99.9980605507
20.0,541,99.9983516484
20.0,571,99.9985828604
20.0,601,99.9987658609
20.0,631,99.9989192558
20.0,661,99.9990502283
20.0,691,99.9991640278
20.0,721,99.9992647210
20.0,751,99.9993505542
20.0,781,99.9994246382
20.0,811,99.9994885546
20.0,841,99.9995446992
20.0,871,99.9995933975
20.0,901,99.9996365792
20.0,931,99.9996746990
20.0,961,99.9997089280
20.0,991,99.9997387958
20.0,1021,99.9997647902
20.0,1051,99.9997886591
20.0,1081,99.9998105044
20.0,1111,99.9998303830
20.0,1141,99.9998485363
20.0,1171,99.9998644467
20.0,1201,99.9998790165
20.0,1231,99.9998919201
20.0,1261,99.9999034123
20.0,1291,99.9999138870
20.0,1321,99.9999231417
20.0,1351,99.9999313534
20.0,1381,99.9999386609
20.0,1411,99.9999452609
20.0,1441,99.9999512422
20.0,1471,99.9999566850
20.0,1501,99.9999614450
20.0,1531,99.9999656790
20.0,1561,99.9999694478
20.0,1591,99.9999728288
20.0,1621,99.9999759217
20.0,1651,99.9999786795
20.0,1681,99.9999812050
20.0,1711,99.9999834675
20.0,1741,99.9999854093
20.0,1771,99.9999870998
20.0,1801,99.9999886093
20.0,1831,99.9999899329
20.0,1861,99.9999911008
20.0,1891,99.9999921570
20.0,1921,99.9999930989
20.0,1951,99.9999939141
20.0,1981,99.9999946366
20.0,2011,99.9999952945
20.0,2041,99.9999958865
20.0,2071,99.9999964058
20.0,2101,99.9999968748
20.0,2131,99.9999972926
20.0,2161,99.9999976605
20.0,2191,99.9999979756
20.0,2221,99.9999982520
20.0,2251,99.9999984924
20.0,2281,99.9999987098
20.0,2311,99.9999989021
20.0,2341,99.9999990692
20.0,2371,99.9999992129
20.0,2401,99.9999993398
20.0,2431,99.9999994478
20.0,2461,99.9999995390
20.0,2491,99.9999996165
20.0,2521,99.9999996853
20.0,2551,99.9999997452
20.0,2581,99.9999997967
20.0,2611,99.9999998378
20.0,2641,99.9999998729
20.0,2671,99.9999999014
20.0,2701,99.9999999252
20.0,2731,99.9999999443
20.0,2761,99.9999999603
20.0,2791,99.9999999730
20.0,2821,99.9999999824
20.0,2851,99.9999999895
20.0,2881,99.9999999941
20.0,2911,99.9999999972
20.0,2941,99.9999999989
20.0,2971,99.9999999997
20.0,3001,100.0000000000
20.0,3003,100.0000000000
30.0,1,94.8709186323
30.0,31,99.5112060467
30.0,61,99.8540801774
30.0,91,99.9347399880
30.0,121,99.9640280247
30.0,151,99.9776452543
30.0,181,99.9834994754
30.0,211,99.9870690257
30.0,241,99.9896114310
30.0,271,99.9914671718
30.0,301,99.9928947021
30.0,331,99.9940225881
30.0,361,99.9949404516
30.0,391,99.9957466614
30.0,421,99.9964301188
30.0,451,99.9969859611
30.0,481,99.9974512547
30.0,511,99.9978330922
30.0,541,99.9981476414
30.0,571,99.9984075116
30.0,601,99.9986143384
30.0,631,99.9987845314
30.0,661,99.9989307738
30.0,691,99.9990569584
30.0,721,99.9991668086
30.0,751,99.9992641516
30.0,781,99.9993474374
30.0,811,99.9994193372
30.0,841,99.9994819584
30.0,871,99.9995362783
30.0,901,99.9995851136
30.0,931,99.9996281432
30.0,961,99.9996655900
30.0,991,99.9996987664
30.0,1021,99.9997282525
30.0,1051,99.9997549469
30.0,1081,99.9997792224
30.0,1111,99.9998017589
30.0,1141,99.9998224700
30.0,1171,99.9998412951
30.0,1201,99.9998584878
30.0,1231,99.9998736863
30.0,1261,99.9998872709
30.0,1291,99.9998995337
30.0,1321,99.9999102674
30.0,1351,99.9999197692
30.0,1381,99.9999282912
30.0,1411,99.9999359474
30.0,1441,99.9999427700
30.0,1471,99.9999490336
30.0,1501,99.9999547394
30.0,1531,99.9999598530
30.0,1561,99.9999642880
30.0,1591,99.9999682988
30.0,1621,99.9999718938
30.0,1651,99.9999751226
30.0,1681,99.9999779736
30.0,1711,99.9999804895
30.0,1741,99.9999827197
30.0,1771,99.9999846924
30.0,1801,99.9999864685
30.0,1831,99.9999880578
30.0,1861,99.9999894424
30.0,1891,99.9999906541
30.0,1921,99.9999917455
30.0,1951,99.9999927212
30.0,1981,99.9999935828
30.0,2011,99.9999943567
30.0,2041,99.9999950429
30.0,2071,99.9999956728
30.0,2101,99.9999962532
30.0,2131,99.9999967546
30.0,2161,99.9999971918
30.0,2191,99.9999975719
30.0,2221,99.9999978983
30.0,2251,99.9999981871
30.0,2281,99.9999984489
30.0,2311,99.9999986746
30.0,2341,99.9999988700
30.0,2371,99.9999990435
30.0,2401,99.9999991997
30.0,2431,99.9999993341
30.0,2461,99.9999994468
30.0,2491,99.9999995424
30.0,2521,99.9999996233
30.0,2551,99.9999996938
30.0,2581,99.9999997543
30.0,2611,99.9999998062
30.0,2641,99.9999998483
30.0,2671,99.9999998823
30.0,2701,99.9999999103
30.0,2731,99.9999999327
30.0,2761,99.9999999513
30.0,2791,99.9999999668
30.0,2821,99.9999999783
30.0,2851,99.9999999871
30.0,2881,99.9999999927
30.0,2911,99.9999999963
30.0,2941,99.9999999984
30.0,2971,99.9999999996
30.0,3001,100.0000000000
30.0,3003,100.0000000000
40.0,1,94.3569357544
40.0,31,99.4988002794
40.0,61,99.8441997899
40.0,91,99.9299855880
40.0,121,99.9607439915
40.0,151,99.9758374093
40.0,181,99.9822222062
40.0,211,99.9861296869
40.0,241,99.9889287088
40.0,271,99.9909765174
40.0,301,99.9925241366
40.0,331,99.9936975766
40.0,361,99.9946614985
40.0,391,99.9954894265
40.0,421,99.9962053333
40.0,451,99.9967869963
40.0,481,99.9972618399
40.0,511,99.9976591040
40.0,541,99.9979892401
40.0,571,99.9982683969
40.0,601,99.9985001915
40.0,631,99.9986936296
40.0,661,99.9988511778
40.0,691,99.9989883579
40.0,721,99.9991049022
40.0,751,99.9992072148
40.0,781,99.9992962414
40.0,811,99.9993725980
40.0,841,99.9994393730
40.0,871,99.9994962686
40.0,901,99.9995469278
40.0,931,99.9995931731
40.0,961,99.9996344377
40.0,991,99.9996707436
40.0,1021,99.9997032467
40.0,1051,99.9997326990
40.0,1081,99.9997595777
40.0,1111,99.9997842119
40.0,1141,99.9998064514
40.0,1171,99.9998266746
40.0,1201,99.9998449781
40.0,1231,99.9998613179
40.0,1261,99.9998760155
40.0,1291,99.9998893242
40.0,1321,99.9999014182
40.0,1351,99.9999119360
40.0,1381,99.9999212073
40.0,1411,99.9999296303
40.0,1441,99.9999371859
40.0,1471,99.9999439337
40.0,1501,99.9999501289
40.0,1531,99.9999557711
40.0,1561,99.9999608492
40.0,1591,99.9999652891
40.0,1621,99.9999691926
40.0,1651,99.9999726358
40.0,1681,99.9999757484
40.0,1711,99.9999784643
40.0,1741,99.9999808662
40.0,1771,99.9999830587
40.0,1801,99.9999849967
40.0,1831,99.9999867065
40.0,1861,99.9999882432
40.0,1891,99.9999896047
40.0,1921,99.9999908325
40.0,1951,99.9999919238
40.0,1981,99.9999928746
40.0,2011,99.9999937341
40.0,2041,99.9999945031
40.0,2071,99.9999952021
40.0,2101,99.9999958267
40.0,2131,99.9999963831
40.0,2161,99.9999968761
40.0,2191,99.9999972943
40.0,2221,99.9999976641
40.0,2251,99.9999979860
40.0,2281,99.9999982646
40.0,2311,99.9999985151
40.0,2341,99.9999987397
40.0,2371,99.9999989376
40.0,2401,99.9999991092
40.0,2431,99.9999992554
40.0,2461,99.9999993810
40.0,2491,99.9999994885
40.0,2521,99.9999995782
40.0,2551,99.9999996561
40.0,2581,99.9999997234
40.0,2611,99.9999997816
40.0,2641,99.9999998296
40.0,2671,99.9999998674
40.0,2701,99.9999998987
40.0,2731,99.9999999242
40.0,2761,99.9999999452
40.0,2791,99.9999999619
40.0,2821,99.9999999753
40.0,2851,99.9999999850
40.0,2881,99.9999999915
40.0,2911,99.9999999955
40.0,2941,99.9999999980
40.0,2971,99.9999999995
40.0,3001,100.0000000000
40.0,3003,100.0000000000
50.0,1,93.4535075436
50.0,31,99.4864040839
50.0,61,99.8325856709
50.0,91,99.9246382972
50.0,121,99.9575908341
50.0,151,99.9738801524
50.0,181,99.9811665737
50.0,211,99.9853982687
50.0,241,99.9883992330
50.0,271,99.9906145109
50.0,301,99.9922283909
50.0,331,99.9934721782
50.0,361,99.9944699021
50.0,391,99.9952983113
50.0,421,99.9960172400
50.0,451,99.9966244613
50.0,481,99.9971178666
50.0,511,99.9975220147
50.0,541,99.9978604760
50.0,571,99.9981548132
50.0,601,99.9984062538
50.0,631,99.9986160786
50.0,661,99.9987905367
50.0,691,99.9989369263
50.0,721,99.9990643285
50.0,751,99.9991690836
50.0,781,99.9992582216
50.0,811,99.9993362868
50.0,841,99.9994052537
50.0,871,99.9994655266
50.0,901,99.9995192112
50.0,931,99.9995679753
50.0,961,99.9996116118
50.0,991,99.9996510316
50.0,1021,99.9996860537
50.0,1051,99.9997177090
50.0,1081,99.9997463137
50.0,1111,99.9997721823
50.0,1141,99.9997955789
50.0,1171,99.9998164553
50.0,1201,99.9998353179
50.0,1231,99.9998524682
50.0,1261,99.9998677131
50.0,1291,99.9998816521
50.0,1321,99.9998945073
50.0,1351,99.9999059455
50.0,1381,99.9999161540
50.0,1411,99.9999250810
50.0,1441,99.9999330599
50.0,1471,99.9999402766
50.0,1501,99.9999469225
50.0,1531,99.9999528705
50.0,1561,99.9999581292
50.0,1591,99.9999627808
50.0,1621,99.9999668872
50.0,1651,99.9999705778
50.0,1681,99.9999739043
50.0,1711,99.9999768476
50.0,1741,99.9999794818
50.0,1771,99.9999818032
50.0,1801,99.9999838502
50.0,1831,99.9999856822
50.0,1861,99.9999873518
50.0,1891,99.9999888601
50.0,1921,99.9999901753
50.0,1951,99.9999913204
50.0,1981,99.9999923403
50.0,2011,99.9999932714
50.0,2041,99.9999941041
50.0,2071,99.9999948574
50.0,2101,99.9999955313
50.0,2131,99.9999961238
50.0,2161,99.9999966412
50.0,2191,99.9999971045
50.0,2221,99.9999975035
50.0,2251,99.9999978456
50.0,2281,99.9999981510
50.0,2311,99.9999984184
50.0,2341,99.9999986604
50.0,2371,99.9999988713
50.0,2401,99.9999990498
50.0,2431,99.9999992028
50.0,2461,99.9999993335
50.0,2491,99.9999994481
50.0,2521,99.9999995447
50.0,2551,99.9999996275
50.0,2581,99.9999996995
50.0,2611,99.9999997619
50.0,2641,99.9999998125
50.0,2671,99.9999998552
50.0,2701,99.9999998888
50.0,2731,99.9999999168
50.0,2761,99.9999999394
50.0,2791,99.9999999574
50.0,2821,99.9999999721
50.0,2851,99.9999999831
50.0,2881,99.9999999903
50.0,2911,99.9999999948
50.0,2941,99.9999999978
50.0,2971,99.9999999995
50.0,3001,100.0000000000
50.0,3003,100.0000000000
60.0,1,91.7337577716
60.0,31,99.4694687038
60.0,61,99.8165199754
60.0,91,99.9176230689
60.0,121,99.9536386754
60.0,151,99.9719560155
60.0,181,99.9801997727
60.0,211,99.9846063875
60.0,241,99.9878303423
60.0,271,99.9903121437
60.0,301,99.9919838268
60.0,331,99.9932873018
60.0,361,99.9943019691
60.0,391,99.9951424613
60.0,421,99.9958587609
60.0,451,99.9964752881
60.0,481,99.9969866399
60.0,511,99.9973990944
60.0,541,99.9977544727
60.0,571,99.9980576483
60.0,601,99.9983192212
60.0,631,99.9985431603
60.0,661,99.9987335827
60.0,691,99.9988870817
60.0,721,99.9990199450
60.0,751,99.9991306890
60.0,781,99.9992223030
60.0,811,99.9993025577
60.0,841,99.9993743404
60.0,871,99.9994392090
60.0,901,99.9994962584
60.0,931,99.9995471018
60.0,961,99.9995929014
60.0,991,99.9996337879
60.0,1021,99.9996705684
60.0,1051,99.9997042125
60.0,1081,99.9997341991
60.0,1111,99.9997609014
60.0,1141,99.9997851298
60.0,1171,99.9998073666
60.0,1201,99.9998271907
60.0,1231,99.9998451379
60.0,1261,99.9998613858
60.0,1291,99.9998761135
60.0,1321,99.9998892372
60.0,1351,99.9999008658
60.0,1381,99.9999114028
60.0,1411,99.9999208368
60.0,1441,99.9999292602
60.0,1471,99.9999369688
60.0,1501,99.9999439445
60.0,1531,99.9999501813
60.0,1561,99.9999555098
60.0,1591,99.9999602558
60.0,1621,99.9999646003
60.0,1651,99.9999685047
60.0,1681,99.9999720284
60.0,1711,99.9999751609
60.0,1741,99.9999779433
60.0,1771,99.9999804574
60.0,1801,99.9999826821
60.0,1831,99.9999846967
60.0,1861,99.9999864896
60.0,1891,99.9999880614
60.0,1921,99.9999894985
60.0,1951,99.9999907896
60.0,1981,99.9999919293
60.0,2011,99.9999929388
60.0,2041,99.9999938208
60.0,2071,99.9999946074
60.0,2101,99.9999953116
60.0,2131,99.9999959354
60.0,2161,99.9999964837
60.0,2191,99.9999969674
60.0,2221,99.9999973958
60.0,2251,99.9999977705
60.0,2281,99.9999980997
60.0,2311,99.9999983833
60.0,2341,99.9999986236
60.0,2371,99.9999988357
60.0,2401,99.9999990181
60.0,2431,99.9999991741
60.0,2461,99.9999993088
60.0,2491,99.9999994241
60.0,2521,99.9999995238
60.0,2551,99.9999996087
60.0,2581,99.9999996839
60.0,2611,99.9999997484
60.0,2641,99.9999998028
60.0,2671,99.9999998474
60.0,2701,99.9999998842
60.0,2731,99.9999999137
60.0,2761,99.9999999371
60.0,2791,99.9999999561
60.0,2821,99.9999999719
60.0,2851,99.9999999831
60.0,2881,99.9999999904
60.0,2911,99.9999999952
60.0,2941,99.9999999980
60.0,2971,99.9999999996
60.0,3001,100.0000000000
60.0,3003,100.0000000000
70.0,1,88.2038139431
70.0,31,99.4777352330
70.0,61,99.8079962401
70.0,91,99.9136172000
70.0,121,99.9548770370
70.0,151,99.9730204225
70.0,181,99.9805804166
70.0,211,99.9848974349
70.0,241,99.9880104397
70.0,271,99.9904068172
70.0,301,99.9922194167
70.0,331,99.9935219413
70.0,361,99.9945229968
70.0,391,99.9953171525
70.0,421,99.9959867043
70.0,451,99.9965527559
70.0,481,99.9970207165
70.0,511,99.9974155838
70.0,541,99.9977593453
70.0,571,99.9980516320
70.0,601,99.9983042756
70.0,631,99.9985209702
70.0,661,99.9987120756
70.0,691,99.9988757326
70.0,721,99.9990165118
70.0,751,99.9991335086
70.0,781,99.9992324946
70.0,811,99.9993184542
70.0,841,99.9993935161
70.0,871,99.9994591162
70.0,901,99.9995157846
70.0,931,99.9995671324
70.0,961,99.9996132587
70.0,991,99.9996536553
70.0,1021,99.9996904887
70.0,1051,99.9997236685
70.0,1081,99.9997534695
70.0,1111,99.9997802137
70.0,1141,99.9998035603
70.0,1171,99.9998240910
70.0,1201,99.9998424424
70.0,1231,99.9998592936
70.0,1261,99.9998743729
70.0,1291,99.9998877132
70.0,1321,99.9998998841
70.0,1351,99.9999110692
70.0,1381,99.9999207558
70.0,1411,99.9999292328
70.0,1441,99.9999368194
70.0,1471,99.9999436097
70.0,1501,99.9999497289
70.0,1531,99.9999552318
70.0,1561,99.9999600493
70.0,1591,99.9999642492
70.0,1621,99.9999679260
70.0,1651,99.9999712322
70.0,1681,99.9999742964
70.0,1711,99.9999770023
70.0,1741,99.9999794093
70.0,1771,99.9999815854
70.0,1801,99.9999835372
70.0,1831,99.9999853081
70.0,1861,99.9999869100
70.0,1891,99.9999883822
70.0,1921,99.9999897307
70.0,1951,99.9999909557
70.0,1981,99.9999920467
70.0,2011,99.9999930238
70.0,2041,99.9999938722
70.0,2071,99.9999946203
70.0,2101,99.9999952764
70.0,2131,99.9999958672
70.0,2161,99.9999963974
70.0,2191,99.9999968554
70.0,2221,99.9999972686
70.0,2251,99.9999976436
70.0,2281,99.9999979725
70.0,2311,99.9999982668
70.0,2341,99.9999985248
70.0,2371,99.9999987497
70.0,2401,99.9999989463
70.0,2431,99.9999991129
70.0,2461,99.9999992575
70.0,2491,99.9999993784
70.0,2521,99.9999994823
70.0,2551,99.9999995729
70.0,2581,99.9999996513
70.0,2611,99.9999997209
70.0,2641,99.9999997799
70.0,2671,99.9999998293
70.0,2701,99.9999998693
70.0,2731,99.9999999025
70.0,2761,99.9999999274
70.0,2791,99.9999999473
70.0,2821,99.9999999628
70.0,2851,99.9999999754
70.0,2881,99.9999999849
70.0,2911,99.9999999919
70.0,2941,99.9999999965
70.0,2971,99.9999999990
70.0,3001,100.0000000000
70.0,3003,100.0000000000
80.0,1,79.1999769531
80.0,31,99.4228506045
80.0,61,99.7580096340
80.0,91,99.8877088213
80.0,121,99.9443435074
80.0,151,99.9694599187
80.0,181,99.9794174924
80.0,211,99.9846029729
80.0,241,99.9875819342
80.0,271,99.9899541782
80.0,301,99.9917697770
80.0,331,99.9931535780
80.0,361,99.9942194392
80.0,391,99.9950576905
80.0,421,99.9957484502
80.0,451,99.9963388531
80.0,481,99.9968303117
80.0,511,99.9972377758
80.0,541,99.9975849421
80.0,571,99.9978804976
80.0,601,99.9981398604
80.0,631,99.9983670895
80.0,661,99.9985651601
80.0,691,99.9987422418
80.0,721,99.9988975342
80.0,751,99.9990277238
80.0,781,99.9991397780
80.0,811,99.9992375790
80.0,841,99.9993228212
80.0,871,99.9993971973
80.0,901,99.9994623206
80.0,931,99.9995195819
80.0,961,99.9995712766
80.0,991,99.9996168967
80.0,1021,99.9996577791
80.0,1051,99.9996944802
80.0,1081,99.9997267540
80.0,1111,99.9997551835
80.0,1141,99.9997805888
80.0,1171,99.9998032939
80.0,1201,99.9998237296
80.0,1231,99.9998424797
80.0,1261,99.9998594191
80.0,1291,99.9998744752
80.0,1321,99.9998879271
80.0,1351,99.9998998815
80.0,1381,99.9999105144
80.0,1411,99.9999199265
80.0,1441,99.9999284550
80.0,1471,99.9999360702
80.0,1501,99.9999428298
80.0,1531,99.9999487841
80.0,1561,99.9999541153
80.0,1591,99.9999589494
80.0,1621,99.9999632317
80.0,1651,99.9999671562
80.0,1681,99.9999706285
80.0,1711,99.9999737210
80.0,1741,99.9999765358
80.0,1771,99.9999790822
80.0,1801,99.9999813690
80.0,1831,99.9999834603
80.0,1861,99.9999853486
80.0,1891,99.9999870354
80.0,1921,99.9999885777
80.0,1951,99.9999899962
80.0,1981,99.9999912679
80.0,2011,99.9999923756
80.0,2041,99.9999933062
80.0,2071,99.9999941364
80.0,2101,99.9999948560
80.0,2131,99.9999954886
80.0,2161,99.9999960563
80.0,2191,99.9999965641
80.0,2221,99.9999970180
80.0,2251,99.9999974248
80.0,2281,99.9999977909
80.0,2311,99.9999981099
80.0,2341,99.9999983826
80.0,2371,99.9999986207
80.0,2401,99.9999988308
80.0,2431,99.9999990143
80.0,2461,99.9999991741
80.0,2491,99.9999993140
80.0,2521,99.9999994339
80.0,2551,99.9999995385
80.0,2581,99.9999996247
80.0,2611,99.9999996984
80.0,2641,99.9999997622
80.0,2671,99.9999998153
80.0,2701,99.9999998581
80.0,2731,99.9999998931
80.0,2761,99.9999999195
80.0,2791,99.9999999410
80.0,2821,99.9999999585
80.0,2851,99.9999999722
80.0,2881,99.9999999830
80.0,2911,99.9999999910
80.0,2941,99.9999999962
80.0,2971,99.9999999989
80.0,3001,100.0000000000
80.0,3003,100.0000000000
90.0,1,56.4543046609
90.0,31,99.3656115277
90.0,61,99.6899116822
90.0,91,99.8581297095
90.0,121,99.9316607813
90.0,151,99.9636328019
90.0,181,99.9782767955
90.0,211,99.9844674599
90.0,241,99.9878550432
90.0,271,99.9900230424
90.0,301,99.9917307390
90.0,331,99.9931093892
90.0,361,99.9941834862
90.0,391,99.9950176933
90.0,421,99.9956723377
90.0,451,99.9962144352
90.0,481,99.9966726871
90.0,511,99.9970746075
90.0,541,99.9974244295
90.0,571,99.9977286770
90.0,601,99.9979905755
90.0,631,99.9982213462
90.0,661,99.9984290224
90.0,691,99.9986171610
90.0,721,99.9987833582
90.0,751,99.9989289515
90.0,781,99.9990562898
90.0,811,99.9991671797
90.0,841,99.9992607905
90.0,871,99.9993432320
90.0,901,99.9994140001
90.0,931,99.9994765615
90.0,961,99.9995327751
90.0,991,99.9995839277
90.0,1021,99.9996276016
90.0,1051,99.9996655233
90.0,1081,99.9996998461
90.0,1111,99.9997307495
90.0,1141,99.9997578891
90.0,1171,99.9997825637
90.0,1201,99.9998046003
90.0,1231,99.9998246261
90.0,1261,99.9998422600
90.0,1291,99.9998578864
90.0,1321,99.9998719690
90.0,1351,99.9998848533
90.0,1381,99.9998966763
90.0,1411,99.9999070633
90.0,1441,99.9999165201
90.0,1471,99.9999250601
90.0,1501,99.9999328191
90.0,1531,99.9999399110
90.0,1561,99.9999464074
90.0,1591,99.9999523528
90.0,1621,99.9999577502
90.0,1651,99.9999626544
90.0,1681,99.9999670410
90.0,1711,99.9999708968
90.0,1741,99.9999743805
90.0,1771,99.9999774691
90.0,1801,99.9999801450
90.0,1831,99.9999825062
90.0,1861,99.9999845942
90.0,1891,99.9999864534
90.0,1921,99.9999881189
90.0,1951,99.9999895599
90.0,1981,99.9999908510
90.0,2011,99.9999920190
90.0,2041,99.9999930457
90.0,2071,99.9999939370
90.0,2101,99.9999947293
90.0,2131,99.9999954293
90.0,2161,99.9999960425
90.0,2191,99.9999965693
90.0,2221,99.9999970138
90.0,2251,99.9999974143
90.0,2281,99.9999977749
90.0,2311,99.9999980924
90.0,2341,99.9999983640
90.0,2371,99.9999985987
90.0,2401,99.9999988077
90.0,2431,99.9999989934
90.0,2461,99.9999991587
90.0,2491,99.9999993009
90.0,2521,99.9999994257
90.0,2551,99.9999995290
90.0,2581,99.9999996173
90.0,2611,99.9999996932
90.0,2641,99.9999997551
90.0,2671,99.9999998076
90.0,2701,99.9999998512
90.0,2731,99.9999998870
90.0,2761,99.9999999159
90.0,2791,99.9999999389
90.0,2821,99.9999999572
90.0,2851,99.9999999723
90.0,2881,99.9999999836
90.0,2911,99.9999999918
90.0,2941,99.9999999966
90.0,2971,99.9999999992
90.0,3001,100.0000000000
90.0,3003,100.0000000000
100.0,1,79.1999774419
100.0,31,99.4228506109
100.0,61,99.7580096390
100.0,91,99.8877088223
100.0,121,99.9443435083
100.0,151,99.9694599193
100.0,181,99.9794174932
100.0,211,99.9846029741
100.0,241,99.9875819356
100.0,271,99.9899541799
100.0,301,99.9917697788
100.0,331,99.9931535798
100.0,361,99.9942194410
100.0,391,99.9950576924
100.0,421,99.9957484519
100.0,451,99.9963388547
100.0,481,99.9968303133
100.0,511,99.9972377774
100.0,541,99.9975849436
100.0,571,99.9978804991
100.0,601,99.9981398619
100.0,631,99.9983670909
100.0,661,99.9985651616
100.0,691,99.9987422432
100.0,721,99.9988975356
100.0,751,99.9990277252
100.0,781,99.9991397794
100.0,811,99.9992375804
100.0,841,99.9993228226
100.0,871,99.9993971987
100.0,901,99.9994623220
100.0,931,99.9995195832
100.0,961,99.9995712779
100.0,991,99.9996168979
100.0,1021,99.9996577803
100.0,1051,99.9996944812
100.0,1081,99.9997267549
100.0,1111,99.9997551844
100.0,1141,99.9997805897
100.0,1171,99.9998032948
100.0,1201,99.9998237305
100.0,1231,99.9998424806
100.0,1261,99.9998594198
100.0,1291,99.9998744760
100.0,1321,99.9998879278
100.0,1351,99.9998998822
100.0,1381,99.9999105151
100.0,1411,99.9999199271
100.0,1441,99.9999284556
100.0,1471,99.9999360708
100.0,1501,99.9999428303
100.0,1531,99.9999487846
100.0,1561,99.9999541158
100.0,1591,99.9999589499
100.0,1621,99.9999632322
100.0,1651,99.9999671566
100.0,1681,99.9999706290
100.0,1711,99.9999737214
100.0,1741,99.9999765363
100.0,1771,99.9999790827
100.0,1801,99.9999813695
100.0,1831,99.9999834608
100.0,1861,99.9999853490
100.0,1891,99.9999870359
100.0,1921,99.9999885781
100.0,1951,99.9999899967
100.0,1981,99.9999912683
100.0,2011,99.9999923761
100.0,2041,99.9999933066
100.0,2071,99.9999941369
100.0,2101,99.9999948565
100.0,2131,99.9999954891
100.0,2161,99.9999960567
100.0,2191,99.9999965645
100.0,2221,99.9999970184
100.0,2251,99.9999974252
100.0,2281,99.9999977913
100.0,2311,99.9999981103
100.0,2341,99.9999983830
100.0,2371,99.9999986211
100.0,2401,99.9999988311
100.0,2431,99.9999990146
100.0,2461,99.9999991745
100.0,2491,99.9999993144
100.0,2521,99.9999994342
100.0,2551,99.9999995389
100.0,2581,99.9999996250
100.0,2611,99.9999996988
100.0,2641,99.9999997625
100.0,2671,99.9999998156
100.0,2701,99.9999998585
100.0,2731,99.9999998935
100.0,2761,99.9999999199
100.0,2791,99.9999999414
100.0,2821,99.9999999588
100.0,2851,99.9999999726
100.0,2881,99.9999999834
100.0,2911,99.9999999912
100.0,2941,99.9999999963
100.0,2971,99.9999999990
100.0,3001,100.0000000000
100.0,3003,100.0000000000
110.0,1,88.2038139431
110.0,31,99.4777352330
110.0,61,99.8079962401
110.0,91,99.9136172000
110.0,121,99.9548770370
110.0,151,99.9730204225
110.0,181,99.9805804166
110.0,211,99.9848974349
110.0,241,99.9880104397
110.0,271,99.9904068172
110.0,301,99.9922194167
110.0,331,99.9935219413
110.0,361,99.9945229968
110.0,391,99.9953171525
110.0,421,99.9959867043
110.0,451,99.9965527559
110.0,481,99.9970207165
110.0,511,99.9974155838
110.0,541,99.9977593453
110.0,571,99.9980516320
110.0,601,99.9983042756
110.0,631,99.9985209702
110.0,661,99.9987120756
110.0,691,99.9988757326
110.0,721,99.9990165118
110.0,751,99.9991335086
110.0,781,99.9992324946
110.0,811,99.9993184542
110.0,841,99.9993935161
110.0,871,99.9994591162
110.0,901,99.9995157846
110.0,931,99.9995671324
110.0,961,99.9996132587
110.0,991,99.9996536553
110.0,1021,99.9996904887
110.0,1051,99.9997236685
110.0,1081,99.9997534695
110.0,1111,99.9997802137
110.0,1141,99.9998035603
110.0,1171,99.9998240910
110.0,1201,99.9998424424
110.0,1231,99.9998592936
110.0,1261,99.9998743729
110.0,1291,99.9998877132
110.0,1321,99.9998998841
110.0,1351,99.9999110692
110.0,1381,99.9999207558
110.0,1411,99.9999292328
110.0,1441,99.9999368194
110.0,1471,99.9999436097
110.0,1501,99.9999497289
110.0,1531,99.9999552318
110.0,1561,99.9999600493
110.0,1591,99.9999642492
110.0,1621,99.9999679260
110.0,1651,99.9999712322
110.0,1681,99.9999742964
110.0,1711,99.9999770023
110.0,1741,99.9999794093
110.0,1771,99.9999815854
110.0,1801,99.9999835372
110.0,1831,99.9999853081
110.0,1861,99.9999869100
110.0,1891,99.9999883822
110.0,1921,99.9999897307
110.0,1951,99.9999909557
110.0,1981,99.9999920467
110.0,2011,99.9999930238
110.0,2041,99.9999938722
110.0,2071,99.9999946203
110.0,2101,99.9999952764
110.0,2131,99.9999958672
110.0,2161,99.9999963974
110.0,2191,99.9999968554
110.0,2221,99.9999972686
110.0,2251,99.9999976436
110.0,2281,99.9999979725
110.0,2311,99.9999982668
110.0,2341,99.9999985248
110.0,2371,99.9999987497
110.0,2401,99.9999989463
110.0,2431,99.9999991129
110.0,2461,99.9999992575
110.0,2491,99.9999993784
110.0,2521,99.9999994823
110.0,2551,99.9999995729
110.0,2581,99.9999996513
110.0,2611,99.9999997209
110.0,2641,99.9999997799
110.0,2671,99.9999998293
110.0,2701,99.9999998693
110.0,2731,99.9999999025
110.0,2761,99.9999999274
110.0,2791,99.9999999473
110.0,2821,99.9999999628
110.0,2851,99.9999999754
110.0,2881,99.9999999849
110.0,2911,99.9999999919
110.0,2941,99.9999999965
110.0,2971,99.9999999990
110.0,3001,100.0000000000
110.0,3003,100.0000000000
120.0,1,91.7337577716
120.0,31,99.4694687038
120.0,61,99.8165199754
120.0,91,99.9176230689
120.0,121,99.9536386754
120.0,151,99.9719560155
120.0,181,99.9801997727
120.0,211,99.9846063875
120.0,241,99.9878303423
120.0,271,99.9903121437
120.0,301,99.9919838268
120.0,331,99.9932873018
120.0,361,99.9943019691
120.0,391,99.9951424613
120.0,421,99.9958587609
120.0,451,99.9964752881
120.0,481,99.9969866399
120.0,511,99.9973990944
120.0,541,99.9977544727
120.0,571,99.9980576483
120.0,601,99.9983192212
120.0,631,99.9985431603
120.0,661,99.9987335827
120.0,691,99.9988870817
120.0,721,99.9990199450
120.0,751,99.9991306890
120.0,781,99.9992223030
120.0,811,99.9993025577
120.0,841,99.9993743404
120.0,871,99.9994392090
120.0,901,99.9994962584
120.0,931,99.9995471018
120.0,961,99.9995929014
120.0,991,99.9996337879
120.0,1021,99.9996705684
120.0,1051,99.9997042125
120.0,1081,99.9997341991
120.0,1111,99.9997609014
120.0,1141,99.9997851298
120.0,1171,99.9998073666
120.0,1201,99.9998271907
120.0,1231,99.9998451379
120.0,1261,99.9998613858
120.0,1291,99.9998761135
120.0,1321,99.9998892372
120.0,1351,99.9999008658
120.0,1381,99.9999114028
120.0,1411,99.9999208368
120.0,1441,99.9999292602
120.0,1471,99.9999369688
120.0,1501,99.9999439445
120.0,1531,99.9999501813
120.0,1561,99.9999555098
120.0,1591,99.9999602558
120.0,1621,99.9999646003
120.0,1651,99.9999685047
120.0,1681,99.9999720284
120.0,1711,99.9999751609
120.0,1741,99.9999779433
120.0,1771,99.9999804574
120.0,1801,99.9999826821
120.0,1831,99.9999846967
120.0,1861,99.9999864896
120.0,1891,99.9999880614
120.0,1921,99.9999894985
120.0,1951,99.9999907896
120.0,1981,99.9999919293
120.0,2011,99.9999929388
120.0,2041,99.9999938208
120.0,2071,99.9999946074
120.0,2101,99.9999953116
120.0,2131,99.9999959354
120.0,2161,99.9999964837
120.0,2191,99.9999969674
120.0,2221,99.9999973958
120.0,2251,99.9999977705
120.0,2281,99.9999980997
120.0,2311,99.9999983833
120.0,2341,99.9999986236
120.0,2371,99.9999988357
120.0,2401,99.9999990181
120.0,2431,99.9999991741
120.0,2461,99.9999993088
120.0,2491,99.9999994241
120.0,2521,99.9999995238
120.0,2551,99.9999996087
120.0,2581,99.9999996839
120.0,2611,99.9999997484
120.0,2641,99.9999998028
120.0,2671,99.9999998474
120.0,2701,99.9999998842
120.0,2731,99.9999999137
120.0,2761,99.9999999371
120.0,2791,99.9999999561
120.0,2821,99.9999999719
120.0,2851,99.9999999831
120.0,2881,99.9999999904
120.0,2911,99.9999999952
120.0,2941,99.9999999980
120.0,2971,99.9999999996
120.0,3001,100.0000000000
120.0,3003,100.0000000000
130.0,1,93.4535075436
130.0,31,99.4864040839
130.0,61,99.8325856709
130.0,91,99.9246382972
130.0,121,99.9575908341
130.0,151,99.9738801524
130.0,181,99.9811665737
130.0,211,99.9853982687
130.0,241,99.9883992330
130.0,271,99.9906145109
130.0,301,99.9922283909
130.0,331,99.9934721782
130.0,361,99.9944699021
130.0,391,99.9952983113
130.0,421,99.9960172400
130.0,451,99.9966244613
130.0,481,99.9971178666
130.0,511,99.9975220147
130.0,541,99.9978604760
130.0,571,99.9981548132
130.0,601,99.9984062538
130.0,631,99.9986160786
130.0,661,99.9987905367
130.0,691,99.9989369263
130.0,721,99.9990643285
130.0,751,99.9991690836
130.0,781,99.9992582216
130.0,811,99.9993362868
130.0,841,99.9994052537
130.0,871,99.9994655266
130.0,901,99.9995192112
130.0,931,99.9995679753
130.0,961,99.9996116118
130.0,991,99.9996510316
130.0,1021,99.9996860537
130.0,1051,99.9997177090
130.0,1081,99.9997463137
130.0,1111,99.9997721823
130.0,1141,99.9997955789
130.0,1171,99.9998164553
130.0,1201,99.9998353179
130.0,1231,99.9998524682
130.0,1261,99.9998677131
130.0,1291,99.9998816521
130.0,1321,99.9998945073
130.0,1351,99.9999059455
130.0,1381,99.9999161540
130.0,1411,99.9999250810
130.0,1441,99.9999330599
130.0,1471,99.9999402766
130.0,1501,99.9999469225
130.0,1531,99.9999528705
130.0,1561,99.9999581292
130.0,1591,99.9999627808
130.0,1621,99.9999668872
130.0,1651,99.9999705778
130.0,1681,99.9999739043
130.0,1711,99.9999768476
130.0,1741,99.9999794818
130.0,1771,99.9999818032
130.0,1801,99.9999838502
130.0,1831,99.9999856822
130.0,1861,99.9999873518
130.0,1891,99.9999888601
130.0,1921,99.9999901753
130.0,1951,99.9999913204
130.0,1981,99.9999923403
130.0,2011,99.9999932714
130.0,2041,99.9999941041
130.0,2071,99.9999948574
130.0,2101,99.9999955313
130.0,2131,99.9999961238
130.0,2161,99.9999966412
130.0,2191,99.9999971045
130.0,2221,99.9999975035
130.0,2251,99.9999978456
130.0,2281,99.9999981510
130.0,2311,99.9999984184
130.0,2341,99.9999986604
130.0,2371,99.9999988713
130.0,2401,99.9999990498
130.0,2431,99.9999992028
130.0,2461,99.9999993335
130.0,2491,99.9999994481
130.0,2521,99.9999995447
130.0,2551,99.9999996275
130.0,2581,99.9999996995
130.0,2611,99.9999997619
130.0,2641,99.9999998125
130.0,2671,99.9999998552
130.0,2701,99.9999998888
130.0,2731,99.9999999168
130.0,2761,99.9999999394
130.0,2791,99.9999999574
130.0,2821,99.9999999721
130.0,2851,99.9999999831
130.0,2881,99.9999999903
130.0,2911,99.9999999948
130.0,2941,99.9999999978
130.0,2971,99.9999999995
130.0,3001,100.0000000000
130.0,3003,100.0000000000
140.0,1,94.3569357544
140.0,31,99.4988002794
140.0,61,99.8441997899
140.0,91,99.9299855880
140.0,121,99.9607439915
140.0,151,99.9758374093
140.0,181,99.9822222062
140.0,211,99.9861296869
140.0,241,99.9889287088
140.0,271,99.9909765174
140.0,301,99.9925241366
140.0,331,99.9936975766
140.0,361,99.9946614985
140.0,391,99.9954894265
140.0,421,99.9962053333
140.0,451,99.9967869963
140.0,481,99.9972618399
140.0,511,99.9976591040
140.0,541,99.9979892401
140.0,571,99.9982683969
140.0,601,99.9985001915
140.0,631,99.9986936296
140.0,661,99.9988511778
140.0,691,99.9989883579
140.0,721,99.9991049022
140.0,751,99.9992072148
140.0,781,99.9992962414
140.0,811,99.9993725980
140.0,841,99.9994393730
140.0,871,99.9994962686
140.0,901,99.9995469278
140.0,931,99.9995931731
140.0,961,99.9996344377
140.0,991,99.9996707436
140.0,1021,99.9997032467
140.0,1051,99.9997326990
140.0,1081,99.9997595777
140.0,1111,99.9997842119
140.0,1141,99.9998064514
140.0,1171,99.9998266746
140.0,1201,99.9998449781
140.0,1231,99.9998613179
140.0,1261,99.9998760155
140.0,1291,99.9998893242
140.0,1321,99.9999014182
140.0,1351,99.9999119360
140.0,1381,99.9999212073
140.0,1411,99.9999296303
140.0,1441,99.9999371859
140.0,1471,99.9999439337
140.0,1501,99.9999501289
140.0,1531,99.9999557711
140.0,1561,99.9999608492
140.0,1591,99.9999652891
140.0,1621,99.9999691926
140.0,1651,99.9999726358
140.0,1681,99.9999757484
140.0,1711,99.9999784643
140.0,1741,99.9999808662
140.0,1771,99.9999830587
140.0,1801,99.9999849967
140.0,1831,99.9999867065
140.0,1861,99.9999882432
140.0,1891,99.9999896047
140.0,1921,99.9999908325
140.0,1951,99.9999919238
140.0,1981,99.9999928746
140.0,2011,99.9999937341
140.0,2041,99.9999945031
140.0,2071,99.9999952021
140.0,2101,99.9999958267
140.0,2131,99.9999963831
140.0,2161,99.9999968761
140.0,2191,99.9999972943
140.0,2221,99.9999976641
140.0,2251,99.9999979860
140.0,2281,99.9999982646
140.0,2311,99.9999985151
140.0,2341,99.9999987397
140.0,2371,99.9999989376
140.0,2401,99.9999991092
140.0,2431,99.9999992554
140.0,2461,99.9999993810
140.0,2491,99.9999994885
140.0,2521,99.9999995782
140.0,2551,99.9999996561
140.0,2581,99.9999997234
140.0,2611,99.9999997816
140.0,2641,99.9999998296
140.0,2671,99.9999998674
140.0,2701,99.9999998987
140.0,2731,99.9999999242
140.0,2761,99.9999999452
140.0,2791,99.9999999619
140.0,2821,99.9999999753
140.0,2851,99.9999999850
140.0,2881,99.9999999915
140.0,2911,99.9999999955
140.0,2941,99.9999999980
140.0,2971,99.9999999995
140.0,3001,100.0000000000
140.0,3003,100.0000000000
150.0,1,94.8709186323
150.0,31,99.5112060467
150.0,61,99.8540801774
150.0,91,99.9347399880
150.0,121,99.9640280247
150.0,151,99.9776452543
150.0,181,99.9834994754
150.0,211,99.9870690257
150.0,241,99.9896114310
150.0,271,99.9914671718
150.0,301,99.9928947021
150.0,331,99.9940225881
150.0,361,99.9949404516
150.0,391,99.9957466614
150.0,421,99.9964301188
150.0,451,99.9969859611
150.0,481,99.9974512547
150.0,511,99.9978330922
150.0,541,99.9981476414
150.0,571,99.9984075116
150.0,601,99.9986143384
150.0,631,99.9987845314
150.0,661,99.9989307738
150.0,691,99.9990569584
150.0,721,99.9991668086
150.0,751,99.9992641516
150.0,781,99.9993474374
150.0,811,99.9994193372
150.0,841,99.9994819584
150.0,871,99.9995362783
150.0,901,99.9995851136
150.0,931,99.9996281432
150.0,961,99.9996655900
150.0,991,99.9996987664
150.0,1021,99.9997282525
150.0,1051,99.9997549469
150.0,1081,99.9997792224
150.0,1111,99.9998017589
150.0,1141,99.9998224700
150.0,1171,99.9998412951
150.0,1201,99.9998584878
150.0,1231,99.9998736863
150.0,1261,99.9998872709
150.0,1291,99.9998995337
150.0,1321,99.9999102674
150.0,1351,99.9999197692
150.0,1381,99.9999282912
150.0,1411,99.9999359474
150.0,1441,99.9999427700
150.0,1471,99.9999490336
150.0,1501,99.9999547394
150.0,1531,99.9999598530
150.0,1561,99.9999642880
150.0,1591,99.9999682988
150.0,1621,99.9999718938
150.0,1651,99.9999751226
150.0,1681,99.9999779736
150.0,1711,99.9999804895
150.0,1741,99.9999827197
150.0,1771,99.9999846924
150.0,1801,99.9999864685
150.0,1831,99.9999880578
150.0,1861,99.9999894424
150.0,1891,99.9999906541
150.0,1921,99.9999917455
150.0,1951,99.9999927212
150.0,1981,99.9999935828
150.0,2011,99.9999943567
150.0,2041,99.9999950429
150.0,2071,99.9999956728
150.0,2101,99.9999962532
150.0,2131,99.9999967546
150.0,2161,99.9999971918
150.0,2191,99.9999975719
150.0,2221,99.9999978983
150.0,2251,99.9999981871
150.0,2281,99.9999984489
150.0,2311,99.9999986746
150.0,2341,99.9999988700
150.0,2371,99.9999990435
150.0,2401,99.9999991997
150.0,2431,99.9999993341
150.0,2461,99.9999994468
150.0,2491,99.9999995424
150.0,2521,99.9999996233
150.0,2551,99.9999996938
150.0,2581,99.9999997543
150.0,2611,99.9999998062
150.0,2641,99.9999998483
150.0,2671,99.9999998823
150.0,2701,99.9999999103
150.0,2731,99.9999999327
150.0,2761,99.9999999513
150.0,2791,99.9999999668
150.0,2821,99.9999999783
150.0,2851,99.9999999871
150.0,2881,99.9999999927
150.0,2911,99.9999999963
150.0,2941,99.9999999984
150.0,2971,99.9999999996
150.0,3001,100.0000000000
150.0,3003,100.0000000000
160.0,1,95.1673247067
160.0,31,99.5381552232
160.0,61,99.8673523642
160.0,91,99.9403778259
160.0,121,99.9682966751
160.0,151,99.9797344173
160.0,181,99.9851243351
160.0,211,99.9883466413
160.0,241,99.9905685753
160.0,271,99.9922044344
160.0,301,99.9934638760
160.0,331,99.9944875999
160.0,361,99.9953605463
160.0,391,99.9961163483
160.0,421,99.9967516903
160.0,451,99.9972634368
160.0,481,99.9976982138
160.0,511,99.9980605507
160.0,541,99.9983516484
160.0,571,99.9985828604
160.0,601,99.9987658609
160.0,631,99.9989192558
160.0,661,99.9990502283
160.0,691,99.9991640278
160.0,721,99.9992647210
160.0,751,99.9993505542
160.0,781,99.9994246382
160.0,811,99.9994885546
160.0,841,99.9995446992
160.0,871,99.9995933975
160.0,901,99.9996365792
160.0,931,99.9996746990
160.0,961,99.9997089280
160.0,991,99.9997387958
160.0,1021,99.9997647902
160.0,1051,99.9997886591
160.0,1081,99.9998105044
160.0,1111,99.9998303830
160.0,1141,99.9998485363
160.0,1171,99.9998644467
160.0,1201,99.9998790164
160.0,1231,99.9998919201
160.0,1261,99.9999034123
160.0,1291,99.9999138870
160.0,1321,99.9999231417
160.0,1351,99.9999313534
160.0,1381,99.9999386609
160.0,1411,99.9999452609
160.0,1441,99.9999512422
160.0,1471,99.9999566850
160.0,1501,99.9999614450
160.0,1531,99.9999656790
160.0,1561,99.9999694478
160.0,1591,99.9999728288
160.0,1621,99.9999759217
160.0,1651,99.9999786795
160.0,1681,99.9999812050
160.0,1711,99.9999834675
160.0,1741,99.9999854093
160.0,1771,99.9999870998
160.0,1801,99.9999886093
160.0,1831,99.9999899329
160.0,1861,99.9999911008
160.0,1891,99.9999921570
160.0,1921,99.9999930989
160.0,1951,99.9999939141
160.0,1981,99.9999946366
160.0,2011,99.9999952945
160.0,2041,99.9999958865
160.0,2071,99.9999964058
160.0,2101,99.9999968748
160.0,2131,99.9999972926
160.0,2161,99.9999976605
160.0,2191,99.9999979756
160.0,2221,99.9999982520
160.0,2251,99.9999984924
160.0,2281,99.9999987098
160.0,2311,99.9999989021
160.0,2341,99.9999990692
160.0,2371,99.9999992129
160.0,2401,99.9999993398
160.0,2431,99.9999994478
160.0,2461,99.9999995390
160.0,2491,99.9999996165
160.0,2521,99.9999996853
160.0,2551,99.9999997452
160.0,2581,99.9999997967
160.0,2611,99.9999998378
160.0,2641,99.9999998729
160.0,2671,99.9999999014
160.0,2701,99.9999999252
160.0,2731,99.9999999443
160.0,2761,99.9999999603
160.0,2791,99.9999999730
160.0,2821,99.9999999824
160.0,2851,99.9999999895
160.0,2881,99.9999999941
160.0,2911,99.9999999972
160.0,2941,99.9999999989
160.0,2971,99.9999999997
160.0,3001,100.0000000000
160.0,3003,100.0000000000
170.0,1,95.3227762737
170.0,31,99.5735502061
170.0,61,99.8819547749
170.0,91,99.9500129965
170.0,121,99.9731435425
170.0,151,99.9828422387
170.0,181,99.9871198507
170.0,211,99.9899312072
170.0,241,99.9918171057
170.0,271,99.9932403781
170.0,301,99.9943572750
170.0,331,99.9952664902
170.0,361,99.9960333360
170.0,391,99.9966771880
170.0,421,99.9972066007
170.0,451,99.9976591349
170.0,481,99.9980381147
170.0,511,99.9983476876
170.0,541,99.9985994738
170.0,571,99.9987997101
170.0,601,99.9989650226
170.0,631,99.9991033201
170.0,661,99.9992217696
170.0,691,99.9993224336
170.0,721,99.9994076286
170.0,751,99.9994775112
170.0,781,99.9995373978
170.0,811,99.9995896131
170.0,841,99.9996351788
170.0,871,99.9996765706
170.0,901,99.9997112167
170.0,931,99.9997421902
170.0,961,99.9997691105
170.0,991,99.9997935468
170.0,1021,99.9998162006
170.0,1051,99.9998365720
170.0,1081,99.9998551442
170.0,1111,99.9998712217
170.0,1141,99.9998852981
170.0,1171,99.9998980402
170.0,1201,99.9999092293
170.0,1231,99.9999190645
170.0,1261,99.9999278038
170.0,1291,99.9999355750
170.0,1321,99.9999424844
170.0,1351,99.9999486142
170.0,1381,99.9999540523
170.0,1411,99.9999588470
170.0,1441,99.9999631271
170.0,1471,99.9999670255
170.0,1501,99.9999706223
170.0,1531,99.9999739155
170.0,1561,99.9999769487
170.0,1591,99.9999796540
170.0,1621,99.9999820641
170.0,1651,99.9999841851
170.0,1681,99.9999860452
170.0,1711,99.9999876977
170.0,1741,99.9999891620
170.0,1771,99.9999904446
170.0,1801,99.9999915932
170.0,1831,99.9999926141
170.0,1861,99.9999935127
170.0,1891,99.9999942886
170.0,1921,99.9999949901
170.0,1951,99.9999956201
170.0,1981,99.9999961658
170.0,2011,99.9999966511
170.0,2041,99.9999970876
170.0,2071,99.9999974687
170.0,2101,99.9999978098
170.0,2131,99.9999981079
170.0,2161,99.9999983582
170.0,2191,99.9999985795
170.0,2221,99.9999987774
170.0,2251,99.9999989536
170.0,2281,99.9999991034
170.0,2311,99.9999992354
170.0,2341,99.9999993505
170.0,2371,99.9999994516
170.0,2401,99.9999995387
170.0,2431,99.9999996132
170.0,2461,99.9999996772
170.0,2491,99.9999997329
170.0,2521,99.9999997809
170.0,2551,99.9999998212
170.0,2581,99.9999998556
170.0,2611,99.9999998852
170.0,2641,99.9999999098
170.0,2671,99.9999999299
170.0,2701,99.9999999472
170.0,2731,99.9999999617
170.0,2761,99.9999999732
170.0,2791,99.9999999816
170.0,2821,99.9999999879
170.0,2851,99.9999999926
170.0,2881,99.9999999959
170.0,2911,99.9999999982
170.0,2941,99.9999999994
170.0,2971,99.9999999998
170.0,3001,100.0000000000
170.0,3003,100.0000000000
180.0,1,95.3713263257
180.0,31,99.6128705947
180.0,61,99.8904906752
180.0,91,99.9572543814
180.0,121,99.9786528217
180.0,151,99.9861844284
180.0,181,99.9896475079
180.0,211,99.9918690427
180.0,241,99.9933496038
180.0,271,99.9944889641
180.0,301,99.9954109019
180.0,331,99.9961773082
180.0,361,99.9968225184
180.0,391,99.9973371543
180.0,421,99.9977736334
180.0,451,99.9981266000
180.0,481,99.9984125040
180.0,511,99.9986490053
180.0,541,99.9988428506
180.0,571,99.9990083652
180.0,601,99.9991464466
180.0,631,99.9992639595
180.0,661,99.9993642456
180.0,691,99.9994506958
180.0,721,99.9995219823
180.0,751,99.9995826580
180.0,781,99.9996344669
180.0,811,99.9996796526
180.0,841,99.9997196674
180.0,871,99.9997527595
180.0,901,99.9997815734
180.0,931,99.9998068633
180.0,961,99.9998302631
180.0,991,99.9998512576
180.0,1021,99.9998700341
180.0,1051,99.9998860721
180.0,1081,99.9998998220
180.0,1111,99.9999118050
180.0,1141,99.9999222536
180.0,1171,99.9999313877
180.0,1201,99.9999393425
180.0,1231,99.9999462960
180.0,1261,99.9999524274
180.0,1291,99.9999577712
180.0,1321,99.9999624346
180.0,1351,99.9999666053
180.0,1381,99.9999703585
180.0,1411,99.9999736152
180.0,1441,99.9999765301
180.0,1471,99.9999791572
180.0,1501,99.9999815118
180.0,1531,99.9999836076
180.0,1561,99.9999854773
180.0,1591,99.9999871676
180.0,1621,99.9999886942
180.0,1651,99.9999900330
180.0,1681,99.9999912299
180.0,1711,99.9999923041
180.0,1741,99.9999932734
180.0,1771,99.9999941108
180.0,1801,99.9999948482
180.0,1831,99.9999955141
180.0,1861,99.9999961190
180.0,1891,99.9999966451
180.0,1921,99.9999971203
180.0,1951,99.9999975308
180.0,1981,99.9999978776
180.0,2011,99.9999981794
180.0,2041,99.9999984301
180.0,2071,99.9999986494
180.0,2101,99.9999988448
180.0,2131,99.9999990086
180.0,2161,99.9999991481
180.0,2191,99.9999992684
180.0,2221,99.9999993732
180.0,2251,99.9999994626
180.0,2281,99.9999995414
180.0,2311,99.9999996115
180.0,2341,99.9999996723
180.0,2371,99.9999997253
180.0,2401,99.9999997702
180.0,2431,99.9999998080
180.0,2461,99.9999998407
180.0,2491,99.9999998685
180.0,2521,99.9999998924
180.0,2551,99.9999999123
180.0,2581,99.9999999295
180.0,2611,99.9999999443
180.0,2641,99.9999999564
180.0,2671,99.9999999665
180.0,2701,99.9999999745
180.0,2731,99.9999999810
180.0,2761,99.9999999863
180.0,2791,99.9999999905
180.0,2821,99.9999999937
180.0,2851,99.9999999962
180.0,2881,99.9999999981
180.0,2911,99.9999999993
180.0,2941,99.9999999998
180.0,2971,100.0000000000
180.0,3001,100.0000000000
180.0,3003,100.0000000000
